--
-- PostgreSQL database dump
--

-- Dumped from database version 15.13 (Debian 15.13-1.pgdg120+1)
-- Dumped by pg_dump version 15.13 (Debian 15.13-1.pgdg120+1)

SET statement_timeout = 0;
SET lock_timeout = 0;
SET idle_in_transaction_session_timeout = 0;
SET client_encoding = 'UTF8';
SET standard_conforming_strings = on;
SELECT pg_catalog.set_config('search_path', '', false);
SET check_function_bodies = false;
SET xmloption = content;
SET client_min_messages = warning;
SET row_security = off;

SET default_tablespace = '';

SET default_table_access_method = heap;

--
-- Name: account_emailaddress; Type: TABLE; Schema: public; Owner: portiq_user
--

CREATE TABLE public.account_emailaddress (
    id integer NOT NULL,
    email character varying(254) NOT NULL,
    verified boolean NOT NULL,
    "primary" boolean NOT NULL,
    user_id integer NOT NULL
);


ALTER TABLE public.account_emailaddress OWNER TO portiq_user;

--
-- Name: account_emailaddress_id_seq; Type: SEQUENCE; Schema: public; Owner: portiq_user
--

ALTER TABLE public.account_emailaddress ALTER COLUMN id ADD GENERATED BY DEFAULT AS IDENTITY (
    SEQUENCE NAME public.account_emailaddress_id_seq
    START WITH 1
    INCREMENT BY 1
    NO MINVALUE
    NO MAXVALUE
    CACHE 1
);


--
-- Name: account_emailconfirmation; Type: TABLE; Schema: public; Owner: portiq_user
--

CREATE TABLE public.account_emailconfirmation (
    id integer NOT NULL,
    created timestamp with time zone NOT NULL,
    sent timestamp with time zone,
    key character varying(64) NOT NULL,
    email_address_id integer NOT NULL
);


ALTER TABLE public.account_emailconfirmation OWNER TO portiq_user;

--
-- Name: account_emailconfirmation_id_seq; Type: SEQUENCE; Schema: public; Owner: portiq_user
--

ALTER TABLE public.account_emailconfirmation ALTER COLUMN id ADD GENERATED BY DEFAULT AS IDENTITY (
    SEQUENCE NAME public.account_emailconfirmation_id_seq
    START WITH 1
    INCREMENT BY 1
    NO MINVALUE
    NO MAXVALUE
    CACHE 1
);


--
-- Name: auth_group; Type: TABLE; Schema: public; Owner: portiq_user
--

CREATE TABLE public.auth_group (
    id integer NOT NULL,
    name character varying(150) NOT NULL
);


ALTER TABLE public.auth_group OWNER TO portiq_user;

--
-- Name: auth_group_id_seq; Type: SEQUENCE; Schema: public; Owner: portiq_user
--

ALTER TABLE public.auth_group ALTER COLUMN id ADD GENERATED BY DEFAULT AS IDENTITY (
    SEQUENCE NAME public.auth_group_id_seq
    START WITH 1
    INCREMENT BY 1
    NO MINVALUE
    NO MAXVALUE
    CACHE 1
);


--
-- Name: auth_group_permissions; Type: TABLE; Schema: public; Owner: portiq_user
--

CREATE TABLE public.auth_group_permissions (
    id bigint NOT NULL,
    group_id integer NOT NULL,
    permission_id integer NOT NULL
);


ALTER TABLE public.auth_group_permissions OWNER TO portiq_user;

--
-- Name: auth_group_permissions_id_seq; Type: SEQUENCE; Schema: public; Owner: portiq_user
--

ALTER TABLE public.auth_group_permissions ALTER COLUMN id ADD GENERATED BY DEFAULT AS IDENTITY (
    SEQUENCE NAME public.auth_group_permissions_id_seq
    START WITH 1
    INCREMENT BY 1
    NO MINVALUE
    NO MAXVALUE
    CACHE 1
);


--
-- Name: auth_permission; Type: TABLE; Schema: public; Owner: portiq_user
--

CREATE TABLE public.auth_permission (
    id integer NOT NULL,
    name character varying(255) NOT NULL,
    content_type_id integer NOT NULL,
    codename character varying(100) NOT NULL
);


ALTER TABLE public.auth_permission OWNER TO portiq_user;

--
-- Name: auth_permission_id_seq; Type: SEQUENCE; Schema: public; Owner: portiq_user
--

ALTER TABLE public.auth_permission ALTER COLUMN id ADD GENERATED BY DEFAULT AS IDENTITY (
    SEQUENCE NAME public.auth_permission_id_seq
    START WITH 1
    INCREMENT BY 1
    NO MINVALUE
    NO MAXVALUE
    CACHE 1
);


--
-- Name: auth_user; Type: TABLE; Schema: public; Owner: portiq_user
--

CREATE TABLE public.auth_user (
    id integer NOT NULL,
    password character varying(128) NOT NULL,
    last_login timestamp with time zone,
    is_superuser boolean NOT NULL,
    username character varying(150) NOT NULL,
    first_name character varying(150) NOT NULL,
    last_name character varying(150) NOT NULL,
    email character varying(254) NOT NULL,
    is_staff boolean NOT NULL,
    is_active boolean NOT NULL,
    date_joined timestamp with time zone NOT NULL
);


ALTER TABLE public.auth_user OWNER TO portiq_user;

--
-- Name: auth_user_groups; Type: TABLE; Schema: public; Owner: portiq_user
--

CREATE TABLE public.auth_user_groups (
    id bigint NOT NULL,
    user_id integer NOT NULL,
    group_id integer NOT NULL
);


ALTER TABLE public.auth_user_groups OWNER TO portiq_user;

--
-- Name: auth_user_groups_id_seq; Type: SEQUENCE; Schema: public; Owner: portiq_user
--

ALTER TABLE public.auth_user_groups ALTER COLUMN id ADD GENERATED BY DEFAULT AS IDENTITY (
    SEQUENCE NAME public.auth_user_groups_id_seq
    START WITH 1
    INCREMENT BY 1
    NO MINVALUE
    NO MAXVALUE
    CACHE 1
);


--
-- Name: auth_user_id_seq; Type: SEQUENCE; Schema: public; Owner: portiq_user
--

ALTER TABLE public.auth_user ALTER COLUMN id ADD GENERATED BY DEFAULT AS IDENTITY (
    SEQUENCE NAME public.auth_user_id_seq
    START WITH 1
    INCREMENT BY 1
    NO MINVALUE
    NO MAXVALUE
    CACHE 1
);


--
-- Name: auth_user_user_permissions; Type: TABLE; Schema: public; Owner: portiq_user
--

CREATE TABLE public.auth_user_user_permissions (
    id bigint NOT NULL,
    user_id integer NOT NULL,
    permission_id integer NOT NULL
);


ALTER TABLE public.auth_user_user_permissions OWNER TO portiq_user;

--
-- Name: auth_user_user_permissions_id_seq; Type: SEQUENCE; Schema: public; Owner: portiq_user
--

ALTER TABLE public.auth_user_user_permissions ALTER COLUMN id ADD GENERATED BY DEFAULT AS IDENTITY (
    SEQUENCE NAME public.auth_user_user_permissions_id_seq
    START WITH 1
    INCREMENT BY 1
    NO MINVALUE
    NO MAXVALUE
    CACHE 1
);


--
-- Name: authtoken_token; Type: TABLE; Schema: public; Owner: portiq_user
--

CREATE TABLE public.authtoken_token (
    key character varying(40) NOT NULL,
    created timestamp with time zone NOT NULL,
    user_id integer NOT NULL
);


ALTER TABLE public.authtoken_token OWNER TO portiq_user;

--
-- Name: django_admin_log; Type: TABLE; Schema: public; Owner: portiq_user
--

CREATE TABLE public.django_admin_log (
    id integer NOT NULL,
    action_time timestamp with time zone NOT NULL,
    object_id text,
    object_repr character varying(200) NOT NULL,
    action_flag smallint NOT NULL,
    change_message text NOT NULL,
    content_type_id integer,
    user_id integer NOT NULL,
    CONSTRAINT django_admin_log_action_flag_check CHECK ((action_flag >= 0))
);


ALTER TABLE public.django_admin_log OWNER TO portiq_user;

--
-- Name: django_admin_log_id_seq; Type: SEQUENCE; Schema: public; Owner: portiq_user
--

ALTER TABLE public.django_admin_log ALTER COLUMN id ADD GENERATED BY DEFAULT AS IDENTITY (
    SEQUENCE NAME public.django_admin_log_id_seq
    START WITH 1
    INCREMENT BY 1
    NO MINVALUE
    NO MAXVALUE
    CACHE 1
);


--
-- Name: django_content_type; Type: TABLE; Schema: public; Owner: portiq_user
--

CREATE TABLE public.django_content_type (
    id integer NOT NULL,
    app_label character varying(100) NOT NULL,
    model character varying(100) NOT NULL
);


ALTER TABLE public.django_content_type OWNER TO portiq_user;

--
-- Name: django_content_type_id_seq; Type: SEQUENCE; Schema: public; Owner: portiq_user
--

ALTER TABLE public.django_content_type ALTER COLUMN id ADD GENERATED BY DEFAULT AS IDENTITY (
    SEQUENCE NAME public.django_content_type_id_seq
    START WITH 1
    INCREMENT BY 1
    NO MINVALUE
    NO MAXVALUE
    CACHE 1
);


--
-- Name: django_migrations; Type: TABLE; Schema: public; Owner: portiq_user
--

CREATE TABLE public.django_migrations (
    id bigint NOT NULL,
    app character varying(255) NOT NULL,
    name character varying(255) NOT NULL,
    applied timestamp with time zone NOT NULL
);


ALTER TABLE public.django_migrations OWNER TO portiq_user;

--
-- Name: django_migrations_id_seq; Type: SEQUENCE; Schema: public; Owner: portiq_user
--

ALTER TABLE public.django_migrations ALTER COLUMN id ADD GENERATED BY DEFAULT AS IDENTITY (
    SEQUENCE NAME public.django_migrations_id_seq
    START WITH 1
    INCREMENT BY 1
    NO MINVALUE
    NO MAXVALUE
    CACHE 1
);


--
-- Name: django_session; Type: TABLE; Schema: public; Owner: portiq_user
--

CREATE TABLE public.django_session (
    session_key character varying(40) NOT NULL,
    session_data text NOT NULL,
    expire_date timestamp with time zone NOT NULL
);


ALTER TABLE public.django_session OWNER TO portiq_user;

--
-- Name: django_site; Type: TABLE; Schema: public; Owner: portiq_user
--

CREATE TABLE public.django_site (
    id integer NOT NULL,
    domain character varying(100) NOT NULL,
    name character varying(50) NOT NULL
);


ALTER TABLE public.django_site OWNER TO portiq_user;

--
-- Name: django_site_id_seq; Type: SEQUENCE; Schema: public; Owner: portiq_user
--

ALTER TABLE public.django_site ALTER COLUMN id ADD GENERATED BY DEFAULT AS IDENTITY (
    SEQUENCE NAME public.django_site_id_seq
    START WITH 1
    INCREMENT BY 1
    NO MINVALUE
    NO MAXVALUE
    CACHE 1
);


--
-- Name: portiq_server_certificate; Type: TABLE; Schema: public; Owner: portiq_user
--

CREATE TABLE public.portiq_server_certificate (
    id_certificate integer NOT NULL,
    title character varying(255) NOT NULL,
    description text NOT NULL,
    start_date date NOT NULL,
    end_date date NOT NULL,
    location character varying(255),
    link character varying(200),
    created_at timestamp with time zone NOT NULL,
    id_user_id integer NOT NULL
);


ALTER TABLE public.portiq_server_certificate OWNER TO portiq_user;

--
-- Name: portiq_server_certificate_id_certificate_seq; Type: SEQUENCE; Schema: public; Owner: portiq_user
--

ALTER TABLE public.portiq_server_certificate ALTER COLUMN id_certificate ADD GENERATED BY DEFAULT AS IDENTITY (
    SEQUENCE NAME public.portiq_server_certificate_id_certificate_seq
    START WITH 1
    INCREMENT BY 1
    NO MINVALUE
    NO MAXVALUE
    CACHE 1
);


--
-- Name: portiq_server_certificatedevelopment; Type: TABLE; Schema: public; Owner: portiq_user
--

CREATE TABLE public.portiq_server_certificatedevelopment (
    id_certificate_development integer NOT NULL,
    title character varying(255),
    created_at timestamp with time zone NOT NULL,
    id_code_id integer NOT NULL,
    id_user_id integer NOT NULL
);


ALTER TABLE public.portiq_server_certificatedevelopment OWNER TO portiq_user;

--
-- Name: portiq_server_certificatedevelop_id_certificate_development_seq; Type: SEQUENCE; Schema: public; Owner: portiq_user
--

ALTER TABLE public.portiq_server_certificatedevelopment ALTER COLUMN id_certificate_development ADD GENERATED BY DEFAULT AS IDENTITY (
    SEQUENCE NAME public.portiq_server_certificatedevelop_id_certificate_development_seq
    START WITH 1
    INCREMENT BY 1
    NO MINVALUE
    NO MAXVALUE
    CACHE 1
);


--
-- Name: portiq_server_codedevelopment; Type: TABLE; Schema: public; Owner: portiq_user
--

CREATE TABLE public.portiq_server_codedevelopment (
    id_code_development integer NOT NULL,
    created_at timestamp with time zone NOT NULL,
    id_css_id integer NOT NULL,
    id_html_id integer NOT NULL,
    id_javascript_id integer NOT NULL
);


ALTER TABLE public.portiq_server_codedevelopment OWNER TO portiq_user;

--
-- Name: portiq_server_codedevelopment_id_code_development_seq; Type: SEQUENCE; Schema: public; Owner: portiq_user
--

ALTER TABLE public.portiq_server_codedevelopment ALTER COLUMN id_code_development ADD GENERATED BY DEFAULT AS IDENTITY (
    SEQUENCE NAME public.portiq_server_codedevelopment_id_code_development_seq
    START WITH 1
    INCREMENT BY 1
    NO MINVALUE
    NO MAXVALUE
    CACHE 1
);


--
-- Name: portiq_server_cssdevelopment; Type: TABLE; Schema: public; Owner: portiq_user
--

CREATE TABLE public.portiq_server_cssdevelopment (
    id_css_development integer NOT NULL,
    content text NOT NULL,
    created_at timestamp with time zone NOT NULL
);


ALTER TABLE public.portiq_server_cssdevelopment OWNER TO portiq_user;

--
-- Name: portiq_server_cssdevelopment_id_css_development_seq; Type: SEQUENCE; Schema: public; Owner: portiq_user
--

ALTER TABLE public.portiq_server_cssdevelopment ALTER COLUMN id_css_development ADD GENERATED BY DEFAULT AS IDENTITY (
    SEQUENCE NAME public.portiq_server_cssdevelopment_id_css_development_seq
    START WITH 1
    INCREMENT BY 1
    NO MINVALUE
    NO MAXVALUE
    CACHE 1
);


--
-- Name: portiq_server_education; Type: TABLE; Schema: public; Owner: portiq_user
--

CREATE TABLE public.portiq_server_education (
    id_education integer NOT NULL,
    title character varying(255) NOT NULL,
    description text NOT NULL,
    location character varying(255) NOT NULL,
    type character varying(20),
    start_date date NOT NULL,
    end_date date NOT NULL,
    link character varying(200),
    created_at timestamp with time zone NOT NULL,
    id_user_id integer NOT NULL
);


ALTER TABLE public.portiq_server_education OWNER TO portiq_user;

--
-- Name: portiq_server_education_id_education_seq; Type: SEQUENCE; Schema: public; Owner: portiq_user
--

ALTER TABLE public.portiq_server_education ALTER COLUMN id_education ADD GENERATED BY DEFAULT AS IDENTITY (
    SEQUENCE NAME public.portiq_server_education_id_education_seq
    START WITH 1
    INCREMENT BY 1
    NO MINVALUE
    NO MAXVALUE
    CACHE 1
);


--
-- Name: portiq_server_educationdevelopment; Type: TABLE; Schema: public; Owner: portiq_user
--

CREATE TABLE public.portiq_server_educationdevelopment (
    id_education_development integer NOT NULL,
    title character varying(255),
    created_at timestamp with time zone NOT NULL,
    id_code_id integer NOT NULL,
    id_user_id integer NOT NULL
);


ALTER TABLE public.portiq_server_educationdevelopment OWNER TO portiq_user;

--
-- Name: portiq_server_educationdevelopment_id_education_development_seq; Type: SEQUENCE; Schema: public; Owner: portiq_user
--

ALTER TABLE public.portiq_server_educationdevelopment ALTER COLUMN id_education_development ADD GENERATED BY DEFAULT AS IDENTITY (
    SEQUENCE NAME public.portiq_server_educationdevelopment_id_education_development_seq
    START WITH 1
    INCREMENT BY 1
    NO MINVALUE
    NO MAXVALUE
    CACHE 1
);


--
-- Name: portiq_server_githubdata; Type: TABLE; Schema: public; Owner: portiq_user
--

CREATE TABLE public.portiq_server_githubdata (
    id_github_data integer NOT NULL,
    avatar_url character varying(255),
    github_url character varying(255),
    public_repos integer,
    followers integer,
    following integer,
    created_at timestamp with time zone NOT NULL,
    id_user_id integer NOT NULL
);


ALTER TABLE public.portiq_server_githubdata OWNER TO portiq_user;

--
-- Name: portiq_server_githubdata_id_github_data_seq; Type: SEQUENCE; Schema: public; Owner: portiq_user
--

ALTER TABLE public.portiq_server_githubdata ALTER COLUMN id_github_data ADD GENERATED BY DEFAULT AS IDENTITY (
    SEQUENCE NAME public.portiq_server_githubdata_id_github_data_seq
    START WITH 1
    INCREMENT BY 1
    NO MINVALUE
    NO MAXVALUE
    CACHE 1
);


--
-- Name: portiq_server_githubdatadevelopment; Type: TABLE; Schema: public; Owner: portiq_user
--

CREATE TABLE public.portiq_server_githubdatadevelopment (
    id_github_data_development integer NOT NULL,
    title character varying(255),
    created_at timestamp with time zone NOT NULL,
    id_code_id integer NOT NULL,
    id_user_id integer NOT NULL
);


ALTER TABLE public.portiq_server_githubdatadevelopment OWNER TO portiq_user;

--
-- Name: portiq_server_githubdatadevelopm_id_github_data_development_seq; Type: SEQUENCE; Schema: public; Owner: portiq_user
--

ALTER TABLE public.portiq_server_githubdatadevelopment ALTER COLUMN id_github_data_development ADD GENERATED BY DEFAULT AS IDENTITY (
    SEQUENCE NAME public.portiq_server_githubdatadevelopm_id_github_data_development_seq
    START WITH 1
    INCREMENT BY 1
    NO MINVALUE
    NO MAXVALUE
    CACHE 1
);


--
-- Name: portiq_server_hobby; Type: TABLE; Schema: public; Owner: portiq_user
--

CREATE TABLE public.portiq_server_hobby (
    id_hobby integer NOT NULL,
    title character varying(255) NOT NULL,
    description text NOT NULL,
    created_at timestamp with time zone NOT NULL,
    id_user_id integer NOT NULL
);


ALTER TABLE public.portiq_server_hobby OWNER TO portiq_user;

--
-- Name: portiq_server_hobby_id_hobby_seq; Type: SEQUENCE; Schema: public; Owner: portiq_user
--

ALTER TABLE public.portiq_server_hobby ALTER COLUMN id_hobby ADD GENERATED BY DEFAULT AS IDENTITY (
    SEQUENCE NAME public.portiq_server_hobby_id_hobby_seq
    START WITH 1
    INCREMENT BY 1
    NO MINVALUE
    NO MAXVALUE
    CACHE 1
);


--
-- Name: portiq_server_hobbydevelopment; Type: TABLE; Schema: public; Owner: portiq_user
--

CREATE TABLE public.portiq_server_hobbydevelopment (
    id_hobby_development integer NOT NULL,
    title character varying(255),
    created_at timestamp with time zone NOT NULL,
    id_code_id integer NOT NULL,
    id_user_id integer NOT NULL
);


ALTER TABLE public.portiq_server_hobbydevelopment OWNER TO portiq_user;

--
-- Name: portiq_server_hobbydevelopment_id_hobby_development_seq; Type: SEQUENCE; Schema: public; Owner: portiq_user
--

ALTER TABLE public.portiq_server_hobbydevelopment ALTER COLUMN id_hobby_development ADD GENERATED BY DEFAULT AS IDENTITY (
    SEQUENCE NAME public.portiq_server_hobbydevelopment_id_hobby_development_seq
    START WITH 1
    INCREMENT BY 1
    NO MINVALUE
    NO MAXVALUE
    CACHE 1
);


--
-- Name: portiq_server_htmldevelopment; Type: TABLE; Schema: public; Owner: portiq_user
--

CREATE TABLE public.portiq_server_htmldevelopment (
    id_html_development integer NOT NULL,
    content text NOT NULL,
    created_at timestamp with time zone NOT NULL
);


ALTER TABLE public.portiq_server_htmldevelopment OWNER TO portiq_user;

--
-- Name: portiq_server_htmldevelopment_id_html_development_seq; Type: SEQUENCE; Schema: public; Owner: portiq_user
--

ALTER TABLE public.portiq_server_htmldevelopment ALTER COLUMN id_html_development ADD GENERATED BY DEFAULT AS IDENTITY (
    SEQUENCE NAME public.portiq_server_htmldevelopment_id_html_development_seq
    START WITH 1
    INCREMENT BY 1
    NO MINVALUE
    NO MAXVALUE
    CACHE 1
);


--
-- Name: portiq_server_javascriptdevelopment; Type: TABLE; Schema: public; Owner: portiq_user
--

CREATE TABLE public.portiq_server_javascriptdevelopment (
    id_javascript_development integer NOT NULL,
    content text NOT NULL,
    created_at timestamp with time zone NOT NULL
);


ALTER TABLE public.portiq_server_javascriptdevelopment OWNER TO portiq_user;

--
-- Name: portiq_server_javascriptdevelopme_id_javascript_development_seq; Type: SEQUENCE; Schema: public; Owner: portiq_user
--

ALTER TABLE public.portiq_server_javascriptdevelopment ALTER COLUMN id_javascript_development ADD GENERATED BY DEFAULT AS IDENTITY (
    SEQUENCE NAME public.portiq_server_javascriptdevelopme_id_javascript_development_seq
    START WITH 1
    INCREMENT BY 1
    NO MINVALUE
    NO MAXVALUE
    CACHE 1
);


--
-- Name: portiq_server_language; Type: TABLE; Schema: public; Owner: portiq_user
--

CREATE TABLE public.portiq_server_language (
    id_language integer NOT NULL,
    title character varying(255) NOT NULL,
    level character varying(255) NOT NULL,
    created_at timestamp with time zone NOT NULL,
    id_user_id integer NOT NULL
);


ALTER TABLE public.portiq_server_language OWNER TO portiq_user;

--
-- Name: portiq_server_language_id_language_seq; Type: SEQUENCE; Schema: public; Owner: portiq_user
--

ALTER TABLE public.portiq_server_language ALTER COLUMN id_language ADD GENERATED BY DEFAULT AS IDENTITY (
    SEQUENCE NAME public.portiq_server_language_id_language_seq
    START WITH 1
    INCREMENT BY 1
    NO MINVALUE
    NO MAXVALUE
    CACHE 1
);


--
-- Name: portiq_server_languagedevelopment; Type: TABLE; Schema: public; Owner: portiq_user
--

CREATE TABLE public.portiq_server_languagedevelopment (
    id_language_development integer NOT NULL,
    title character varying(255),
    created_at timestamp with time zone NOT NULL,
    id_code_id integer NOT NULL,
    id_user_id integer NOT NULL
);


ALTER TABLE public.portiq_server_languagedevelopment OWNER TO portiq_user;

--
-- Name: portiq_server_languagedevelopment_id_language_development_seq; Type: SEQUENCE; Schema: public; Owner: portiq_user
--

ALTER TABLE public.portiq_server_languagedevelopment ALTER COLUMN id_language_development ADD GENERATED BY DEFAULT AS IDENTITY (
    SEQUENCE NAME public.portiq_server_languagedevelopment_id_language_development_seq
    START WITH 1
    INCREMENT BY 1
    NO MINVALUE
    NO MAXVALUE
    CACHE 1
);


--
-- Name: portiq_server_other; Type: TABLE; Schema: public; Owner: portiq_user
--

CREATE TABLE public.portiq_server_other (
    id_other integer NOT NULL,
    title character varying(255) NOT NULL,
    description text NOT NULL,
    start_date date,
    end_date date,
    location character varying(255),
    link character varying(200),
    created_at timestamp with time zone NOT NULL,
    id_user_id integer NOT NULL
);


ALTER TABLE public.portiq_server_other OWNER TO portiq_user;

--
-- Name: portiq_server_other_id_other_seq; Type: SEQUENCE; Schema: public; Owner: portiq_user
--

ALTER TABLE public.portiq_server_other ALTER COLUMN id_other ADD GENERATED BY DEFAULT AS IDENTITY (
    SEQUENCE NAME public.portiq_server_other_id_other_seq
    START WITH 1
    INCREMENT BY 1
    NO MINVALUE
    NO MAXVALUE
    CACHE 1
);


--
-- Name: portiq_server_otherdevelopment; Type: TABLE; Schema: public; Owner: portiq_user
--

CREATE TABLE public.portiq_server_otherdevelopment (
    id_other_development integer NOT NULL,
    title character varying(255),
    created_at timestamp with time zone NOT NULL,
    id_code_id integer NOT NULL,
    id_user_id integer NOT NULL
);


ALTER TABLE public.portiq_server_otherdevelopment OWNER TO portiq_user;

--
-- Name: portiq_server_otherdevelopment_id_other_development_seq; Type: SEQUENCE; Schema: public; Owner: portiq_user
--

ALTER TABLE public.portiq_server_otherdevelopment ALTER COLUMN id_other_development ADD GENERATED BY DEFAULT AS IDENTITY (
    SEQUENCE NAME public.portiq_server_otherdevelopment_id_other_development_seq
    START WITH 1
    INCREMENT BY 1
    NO MINVALUE
    NO MAXVALUE
    CACHE 1
);


--
-- Name: portiq_server_portfoliotemplate; Type: TABLE; Schema: public; Owner: portiq_user
--

CREATE TABLE public.portiq_server_portfoliotemplate (
    id_portfolio_template integer NOT NULL,
    status character varying(255) NOT NULL,
    id_certificate_development_id integer,
    id_education_development_id integer,
    id_github_data_development_id integer,
    id_hobby_development_id integer,
    id_language_development_id integer,
    id_other_development_id integer,
    id_project_development_id integer,
    id_reference_development_id integer,
    id_skill_development_id integer,
    id_user_id integer NOT NULL,
    id_user_info_development_id integer,
    id_work_experience_development_id integer
);


ALTER TABLE public.portiq_server_portfoliotemplate OWNER TO portiq_user;

--
-- Name: portiq_server_portfoliotemplate_id_portfolio_template_seq; Type: SEQUENCE; Schema: public; Owner: portiq_user
--

ALTER TABLE public.portiq_server_portfoliotemplate ALTER COLUMN id_portfolio_template ADD GENERATED BY DEFAULT AS IDENTITY (
    SEQUENCE NAME public.portiq_server_portfoliotemplate_id_portfolio_template_seq
    START WITH 1
    INCREMENT BY 1
    NO MINVALUE
    NO MAXVALUE
    CACHE 1
);


--
-- Name: portiq_server_project; Type: TABLE; Schema: public; Owner: portiq_user
--

CREATE TABLE public.portiq_server_project (
    id_project integer NOT NULL,
    title character varying(255) NOT NULL,
    description text NOT NULL,
    start_date date,
    end_date date,
    location character varying(255) NOT NULL,
    created_at timestamp with time zone NOT NULL,
    id_user_id integer NOT NULL
);


ALTER TABLE public.portiq_server_project OWNER TO portiq_user;

--
-- Name: portiq_server_project_id_project_seq; Type: SEQUENCE; Schema: public; Owner: portiq_user
--

ALTER TABLE public.portiq_server_project ALTER COLUMN id_project ADD GENERATED BY DEFAULT AS IDENTITY (
    SEQUENCE NAME public.portiq_server_project_id_project_seq
    START WITH 1
    INCREMENT BY 1
    NO MINVALUE
    NO MAXVALUE
    CACHE 1
);


--
-- Name: portiq_server_projectdevelopment; Type: TABLE; Schema: public; Owner: portiq_user
--

CREATE TABLE public.portiq_server_projectdevelopment (
    id_project_development integer NOT NULL,
    title character varying(255),
    created_at timestamp with time zone NOT NULL,
    id_code_id integer NOT NULL,
    id_user_id integer NOT NULL
);


ALTER TABLE public.portiq_server_projectdevelopment OWNER TO portiq_user;

--
-- Name: portiq_server_projectdevelopment_id_project_development_seq; Type: SEQUENCE; Schema: public; Owner: portiq_user
--

ALTER TABLE public.portiq_server_projectdevelopment ALTER COLUMN id_project_development ADD GENERATED BY DEFAULT AS IDENTITY (
    SEQUENCE NAME public.portiq_server_projectdevelopment_id_project_development_seq
    START WITH 1
    INCREMENT BY 1
    NO MINVALUE
    NO MAXVALUE
    CACHE 1
);


--
-- Name: portiq_server_projectlink; Type: TABLE; Schema: public; Owner: portiq_user
--

CREATE TABLE public.portiq_server_projectlink (
    id_project_link integer NOT NULL,
    link character varying(200) NOT NULL,
    created_at timestamp with time zone NOT NULL,
    id_project_id integer NOT NULL
);


ALTER TABLE public.portiq_server_projectlink OWNER TO portiq_user;

--
-- Name: portiq_server_projectlink_id_project_link_seq; Type: SEQUENCE; Schema: public; Owner: portiq_user
--

ALTER TABLE public.portiq_server_projectlink ALTER COLUMN id_project_link ADD GENERATED BY DEFAULT AS IDENTITY (
    SEQUENCE NAME public.portiq_server_projectlink_id_project_link_seq
    START WITH 1
    INCREMENT BY 1
    NO MINVALUE
    NO MAXVALUE
    CACHE 1
);


--
-- Name: portiq_server_reference; Type: TABLE; Schema: public; Owner: portiq_user
--

CREATE TABLE public.portiq_server_reference (
    id_reference integer NOT NULL,
    title character varying(255) NOT NULL,
    description text NOT NULL,
    link character varying(255),
    created_at timestamp with time zone NOT NULL,
    id_user_id integer NOT NULL
);


ALTER TABLE public.portiq_server_reference OWNER TO portiq_user;

--
-- Name: portiq_server_reference_id_reference_seq; Type: SEQUENCE; Schema: public; Owner: portiq_user
--

ALTER TABLE public.portiq_server_reference ALTER COLUMN id_reference ADD GENERATED BY DEFAULT AS IDENTITY (
    SEQUENCE NAME public.portiq_server_reference_id_reference_seq
    START WITH 1
    INCREMENT BY 1
    NO MINVALUE
    NO MAXVALUE
    CACHE 1
);


--
-- Name: portiq_server_referencedevelopment; Type: TABLE; Schema: public; Owner: portiq_user
--

CREATE TABLE public.portiq_server_referencedevelopment (
    id_reference_development integer NOT NULL,
    title character varying(255),
    created_at timestamp with time zone NOT NULL,
    id_code_id integer NOT NULL,
    id_user_id integer NOT NULL
);


ALTER TABLE public.portiq_server_referencedevelopment OWNER TO portiq_user;

--
-- Name: portiq_server_referencedevelopment_id_reference_development_seq; Type: SEQUENCE; Schema: public; Owner: portiq_user
--

ALTER TABLE public.portiq_server_referencedevelopment ALTER COLUMN id_reference_development ADD GENERATED BY DEFAULT AS IDENTITY (
    SEQUENCE NAME public.portiq_server_referencedevelopment_id_reference_development_seq
    START WITH 1
    INCREMENT BY 1
    NO MINVALUE
    NO MAXVALUE
    CACHE 1
);


--
-- Name: portiq_server_skill; Type: TABLE; Schema: public; Owner: portiq_user
--

CREATE TABLE public.portiq_server_skill (
    id_skill integer NOT NULL,
    title character varying(255) NOT NULL,
    description text NOT NULL,
    location character varying(255),
    level character varying(20),
    link character varying(200),
    created_at timestamp with time zone NOT NULL,
    id_user_id integer NOT NULL
);


ALTER TABLE public.portiq_server_skill OWNER TO portiq_user;

--
-- Name: portiq_server_skill_id_skill_seq; Type: SEQUENCE; Schema: public; Owner: portiq_user
--

ALTER TABLE public.portiq_server_skill ALTER COLUMN id_skill ADD GENERATED BY DEFAULT AS IDENTITY (
    SEQUENCE NAME public.portiq_server_skill_id_skill_seq
    START WITH 1
    INCREMENT BY 1
    NO MINVALUE
    NO MAXVALUE
    CACHE 1
);


--
-- Name: portiq_server_skilldevelopment; Type: TABLE; Schema: public; Owner: portiq_user
--

CREATE TABLE public.portiq_server_skilldevelopment (
    id_skill_development integer NOT NULL,
    title character varying(255),
    created_at timestamp with time zone NOT NULL,
    id_code_id integer NOT NULL,
    id_user_id integer NOT NULL
);


ALTER TABLE public.portiq_server_skilldevelopment OWNER TO portiq_user;

--
-- Name: portiq_server_skilldevelopment_id_skill_development_seq; Type: SEQUENCE; Schema: public; Owner: portiq_user
--

ALTER TABLE public.portiq_server_skilldevelopment ALTER COLUMN id_skill_development ADD GENERATED BY DEFAULT AS IDENTITY (
    SEQUENCE NAME public.portiq_server_skilldevelopment_id_skill_development_seq
    START WITH 1
    INCREMENT BY 1
    NO MINVALUE
    NO MAXVALUE
    CACHE 1
);


--
-- Name: portiq_server_user; Type: TABLE; Schema: public; Owner: portiq_user
--

CREATE TABLE public.portiq_server_user (
    id_user integer NOT NULL,
    first_name character varying(255) NOT NULL,
    last_name character varying(255) NOT NULL,
    email character varying(254) NOT NULL,
    image_url character varying(255),
    phone_number character varying(255),
    address character varying(255),
    city character varying(255),
    state character varying(255),
    zip_code character varying(255),
    country character varying(255),
    github_username character varying(255),
    summary text,
    created_at timestamp with time zone NOT NULL
);


ALTER TABLE public.portiq_server_user OWNER TO portiq_user;

--
-- Name: portiq_server_user_id_user_seq; Type: SEQUENCE; Schema: public; Owner: portiq_user
--

ALTER TABLE public.portiq_server_user ALTER COLUMN id_user ADD GENERATED BY DEFAULT AS IDENTITY (
    SEQUENCE NAME public.portiq_server_user_id_user_seq
    START WITH 1
    INCREMENT BY 1
    NO MINVALUE
    NO MAXVALUE
    CACHE 1
);


--
-- Name: portiq_server_userinfodevelopment; Type: TABLE; Schema: public; Owner: portiq_user
--

CREATE TABLE public.portiq_server_userinfodevelopment (
    id_user_info_development integer NOT NULL,
    title character varying(255),
    created_at timestamp with time zone NOT NULL,
    id_code_id integer NOT NULL,
    id_user_id integer NOT NULL
);


ALTER TABLE public.portiq_server_userinfodevelopment OWNER TO portiq_user;

--
-- Name: portiq_server_userinfodevelopment_id_user_info_development_seq; Type: SEQUENCE; Schema: public; Owner: portiq_user
--

ALTER TABLE public.portiq_server_userinfodevelopment ALTER COLUMN id_user_info_development ADD GENERATED BY DEFAULT AS IDENTITY (
    SEQUENCE NAME public.portiq_server_userinfodevelopment_id_user_info_development_seq
    START WITH 1
    INCREMENT BY 1
    NO MINVALUE
    NO MAXVALUE
    CACHE 1
);


--
-- Name: portiq_server_userportfoliotemplate; Type: TABLE; Schema: public; Owner: portiq_user
--

CREATE TABLE public.portiq_server_userportfoliotemplate (
    id_user_portfolio_template integer NOT NULL,
    created_at timestamp with time zone NOT NULL,
    id_portfolio_template_id integer NOT NULL,
    id_user_id integer NOT NULL
);


ALTER TABLE public.portiq_server_userportfoliotemplate OWNER TO portiq_user;

--
-- Name: portiq_server_userportfoliotempl_id_user_portfolio_template_seq; Type: SEQUENCE; Schema: public; Owner: portiq_user
--

ALTER TABLE public.portiq_server_userportfoliotemplate ALTER COLUMN id_user_portfolio_template ADD GENERATED BY DEFAULT AS IDENTITY (
    SEQUENCE NAME public.portiq_server_userportfoliotempl_id_user_portfolio_template_seq
    START WITH 1
    INCREMENT BY 1
    NO MINVALUE
    NO MAXVALUE
    CACHE 1
);


--
-- Name: portiq_server_workexperience; Type: TABLE; Schema: public; Owner: portiq_user
--

CREATE TABLE public.portiq_server_workexperience (
    id_work_experience integer NOT NULL,
    title character varying(255) NOT NULL,
    description text NOT NULL,
    start_date timestamp with time zone NOT NULL,
    end_date timestamp with time zone NOT NULL,
    location character varying(255) NOT NULL,
    created_at timestamp with time zone NOT NULL,
    id_user_id integer NOT NULL
);


ALTER TABLE public.portiq_server_workexperience OWNER TO portiq_user;

--
-- Name: portiq_server_workexperience_id_work_experience_seq; Type: SEQUENCE; Schema: public; Owner: portiq_user
--

ALTER TABLE public.portiq_server_workexperience ALTER COLUMN id_work_experience ADD GENERATED BY DEFAULT AS IDENTITY (
    SEQUENCE NAME public.portiq_server_workexperience_id_work_experience_seq
    START WITH 1
    INCREMENT BY 1
    NO MINVALUE
    NO MAXVALUE
    CACHE 1
);


--
-- Name: portiq_server_workexperiencedevelopment; Type: TABLE; Schema: public; Owner: portiq_user
--

CREATE TABLE public.portiq_server_workexperiencedevelopment (
    id_work_experience_development integer NOT NULL,
    title character varying(255),
    created_at timestamp with time zone NOT NULL,
    id_code_id integer NOT NULL,
    id_user_id integer NOT NULL
);


ALTER TABLE public.portiq_server_workexperiencedevelopment OWNER TO portiq_user;

--
-- Name: portiq_server_workexperienced_id_work_experience_developmen_seq; Type: SEQUENCE; Schema: public; Owner: portiq_user
--

ALTER TABLE public.portiq_server_workexperiencedevelopment ALTER COLUMN id_work_experience_development ADD GENERATED BY DEFAULT AS IDENTITY (
    SEQUENCE NAME public.portiq_server_workexperienced_id_work_experience_developmen_seq
    START WITH 1
    INCREMENT BY 1
    NO MINVALUE
    NO MAXVALUE
    CACHE 1
);


--
-- Name: socialaccount_socialaccount; Type: TABLE; Schema: public; Owner: portiq_user
--

CREATE TABLE public.socialaccount_socialaccount (
    id integer NOT NULL,
    provider character varying(200) NOT NULL,
    uid character varying(191) NOT NULL,
    last_login timestamp with time zone NOT NULL,
    date_joined timestamp with time zone NOT NULL,
    extra_data jsonb NOT NULL,
    user_id integer NOT NULL
);


ALTER TABLE public.socialaccount_socialaccount OWNER TO portiq_user;

--
-- Name: socialaccount_socialaccount_id_seq; Type: SEQUENCE; Schema: public; Owner: portiq_user
--

ALTER TABLE public.socialaccount_socialaccount ALTER COLUMN id ADD GENERATED BY DEFAULT AS IDENTITY (
    SEQUENCE NAME public.socialaccount_socialaccount_id_seq
    START WITH 1
    INCREMENT BY 1
    NO MINVALUE
    NO MAXVALUE
    CACHE 1
);


--
-- Name: socialaccount_socialapp; Type: TABLE; Schema: public; Owner: portiq_user
--

CREATE TABLE public.socialaccount_socialapp (
    id integer NOT NULL,
    provider character varying(30) NOT NULL,
    name character varying(40) NOT NULL,
    client_id character varying(191) NOT NULL,
    secret character varying(191) NOT NULL,
    key character varying(191) NOT NULL,
    provider_id character varying(200) NOT NULL,
    settings jsonb NOT NULL
);


ALTER TABLE public.socialaccount_socialapp OWNER TO portiq_user;

--
-- Name: socialaccount_socialapp_id_seq; Type: SEQUENCE; Schema: public; Owner: portiq_user
--

ALTER TABLE public.socialaccount_socialapp ALTER COLUMN id ADD GENERATED BY DEFAULT AS IDENTITY (
    SEQUENCE NAME public.socialaccount_socialapp_id_seq
    START WITH 1
    INCREMENT BY 1
    NO MINVALUE
    NO MAXVALUE
    CACHE 1
);


--
-- Name: socialaccount_socialapp_sites; Type: TABLE; Schema: public; Owner: portiq_user
--

CREATE TABLE public.socialaccount_socialapp_sites (
    id bigint NOT NULL,
    socialapp_id integer NOT NULL,
    site_id integer NOT NULL
);


ALTER TABLE public.socialaccount_socialapp_sites OWNER TO portiq_user;

--
-- Name: socialaccount_socialapp_sites_id_seq; Type: SEQUENCE; Schema: public; Owner: portiq_user
--

ALTER TABLE public.socialaccount_socialapp_sites ALTER COLUMN id ADD GENERATED BY DEFAULT AS IDENTITY (
    SEQUENCE NAME public.socialaccount_socialapp_sites_id_seq
    START WITH 1
    INCREMENT BY 1
    NO MINVALUE
    NO MAXVALUE
    CACHE 1
);


--
-- Name: socialaccount_socialtoken; Type: TABLE; Schema: public; Owner: portiq_user
--

CREATE TABLE public.socialaccount_socialtoken (
    id integer NOT NULL,
    token text NOT NULL,
    token_secret text NOT NULL,
    expires_at timestamp with time zone,
    account_id integer NOT NULL,
    app_id integer
);


ALTER TABLE public.socialaccount_socialtoken OWNER TO portiq_user;

--
-- Name: socialaccount_socialtoken_id_seq; Type: SEQUENCE; Schema: public; Owner: portiq_user
--

ALTER TABLE public.socialaccount_socialtoken ALTER COLUMN id ADD GENERATED BY DEFAULT AS IDENTITY (
    SEQUENCE NAME public.socialaccount_socialtoken_id_seq
    START WITH 1
    INCREMENT BY 1
    NO MINVALUE
    NO MAXVALUE
    CACHE 1
);


--
-- Data for Name: account_emailaddress; Type: TABLE DATA; Schema: public; Owner: portiq_user
--

COPY public.account_emailaddress (id, email, verified, "primary", user_id) FROM stdin;
\.


--
-- Data for Name: account_emailconfirmation; Type: TABLE DATA; Schema: public; Owner: portiq_user
--

COPY public.account_emailconfirmation (id, created, sent, key, email_address_id) FROM stdin;
\.


--
-- Data for Name: auth_group; Type: TABLE DATA; Schema: public; Owner: portiq_user
--

COPY public.auth_group (id, name) FROM stdin;
\.


--
-- Data for Name: auth_group_permissions; Type: TABLE DATA; Schema: public; Owner: portiq_user
--

COPY public.auth_group_permissions (id, group_id, permission_id) FROM stdin;
\.


--
-- Data for Name: auth_permission; Type: TABLE DATA; Schema: public; Owner: portiq_user
--

COPY public.auth_permission (id, name, content_type_id, codename) FROM stdin;
1	Can add log entry	1	add_logentry
2	Can change log entry	1	change_logentry
3	Can delete log entry	1	delete_logentry
4	Can view log entry	1	view_logentry
5	Can add permission	2	add_permission
6	Can change permission	2	change_permission
7	Can delete permission	2	delete_permission
8	Can view permission	2	view_permission
9	Can add group	3	add_group
10	Can change group	3	change_group
11	Can delete group	3	delete_group
12	Can view group	3	view_group
13	Can add user	4	add_user
14	Can change user	4	change_user
15	Can delete user	4	delete_user
16	Can view user	4	view_user
17	Can add content type	5	add_contenttype
18	Can change content type	5	change_contenttype
19	Can delete content type	5	delete_contenttype
20	Can view content type	5	view_contenttype
21	Can add session	6	add_session
22	Can change session	6	change_session
23	Can delete session	6	delete_session
24	Can view session	6	view_session
25	Can add code development	7	add_codedevelopment
26	Can change code development	7	change_codedevelopment
27	Can delete code development	7	delete_codedevelopment
28	Can view code development	7	view_codedevelopment
29	Can add css development	8	add_cssdevelopment
30	Can change css development	8	change_cssdevelopment
31	Can delete css development	8	delete_cssdevelopment
32	Can view css development	8	view_cssdevelopment
33	Can add html development	9	add_htmldevelopment
34	Can change html development	9	change_htmldevelopment
35	Can delete html development	9	delete_htmldevelopment
36	Can view html development	9	view_htmldevelopment
37	Can add javascript development	10	add_javascriptdevelopment
38	Can change javascript development	10	change_javascriptdevelopment
39	Can delete javascript development	10	delete_javascriptdevelopment
40	Can view javascript development	10	view_javascriptdevelopment
41	Can add project	11	add_project
42	Can change project	11	change_project
43	Can delete project	11	delete_project
44	Can view project	11	view_project
45	Can add user	12	add_user
46	Can change user	12	change_user
47	Can delete user	12	delete_user
48	Can view user	12	view_user
49	Can add certificate development	13	add_certificatedevelopment
50	Can change certificate development	13	change_certificatedevelopment
51	Can delete certificate development	13	delete_certificatedevelopment
52	Can view certificate development	13	view_certificatedevelopment
53	Can add education development	14	add_educationdevelopment
54	Can change education development	14	change_educationdevelopment
55	Can delete education development	14	delete_educationdevelopment
56	Can view education development	14	view_educationdevelopment
57	Can add github data development	15	add_githubdatadevelopment
58	Can change github data development	15	change_githubdatadevelopment
59	Can delete github data development	15	delete_githubdatadevelopment
60	Can view github data development	15	view_githubdatadevelopment
61	Can add hobby development	16	add_hobbydevelopment
62	Can change hobby development	16	change_hobbydevelopment
63	Can delete hobby development	16	delete_hobbydevelopment
64	Can view hobby development	16	view_hobbydevelopment
65	Can add language development	17	add_languagedevelopment
66	Can change language development	17	change_languagedevelopment
67	Can delete language development	17	delete_languagedevelopment
68	Can view language development	17	view_languagedevelopment
69	Can add other development	18	add_otherdevelopment
70	Can change other development	18	change_otherdevelopment
71	Can delete other development	18	delete_otherdevelopment
72	Can view other development	18	view_otherdevelopment
73	Can add project development	19	add_projectdevelopment
74	Can change project development	19	change_projectdevelopment
75	Can delete project development	19	delete_projectdevelopment
76	Can view project development	19	view_projectdevelopment
77	Can add project link	20	add_projectlink
78	Can change project link	20	change_projectlink
79	Can delete project link	20	delete_projectlink
80	Can view project link	20	view_projectlink
81	Can add reference development	21	add_referencedevelopment
82	Can change reference development	21	change_referencedevelopment
83	Can delete reference development	21	delete_referencedevelopment
84	Can view reference development	21	view_referencedevelopment
85	Can add skill development	22	add_skilldevelopment
86	Can change skill development	22	change_skilldevelopment
87	Can delete skill development	22	delete_skilldevelopment
88	Can view skill development	22	view_skilldevelopment
89	Can add skill	23	add_skill
90	Can change skill	23	change_skill
91	Can delete skill	23	delete_skill
92	Can view skill	23	view_skill
93	Can add reference	24	add_reference
94	Can change reference	24	change_reference
95	Can delete reference	24	delete_reference
96	Can view reference	24	view_reference
97	Can add other	25	add_other
98	Can change other	25	change_other
99	Can delete other	25	delete_other
100	Can view other	25	view_other
101	Can add language	26	add_language
102	Can change language	26	change_language
103	Can delete language	26	delete_language
104	Can view language	26	view_language
105	Can add hobby	27	add_hobby
106	Can change hobby	27	change_hobby
107	Can delete hobby	27	delete_hobby
108	Can view hobby	27	view_hobby
109	Can add github data	28	add_githubdata
110	Can change github data	28	change_githubdata
111	Can delete github data	28	delete_githubdata
112	Can view github data	28	view_githubdata
113	Can add education	29	add_education
114	Can change education	29	change_education
115	Can delete education	29	delete_education
116	Can view education	29	view_education
117	Can add certificate	30	add_certificate
118	Can change certificate	30	change_certificate
119	Can delete certificate	30	delete_certificate
120	Can view certificate	30	view_certificate
121	Can add user info development	31	add_userinfodevelopment
122	Can change user info development	31	change_userinfodevelopment
123	Can delete user info development	31	delete_userinfodevelopment
124	Can view user info development	31	view_userinfodevelopment
125	Can add portfolio template	32	add_portfoliotemplate
126	Can change portfolio template	32	change_portfoliotemplate
127	Can delete portfolio template	32	delete_portfoliotemplate
128	Can view portfolio template	32	view_portfoliotemplate
129	Can add user portfolio template	33	add_userportfoliotemplate
130	Can change user portfolio template	33	change_userportfoliotemplate
131	Can delete user portfolio template	33	delete_userportfoliotemplate
132	Can view user portfolio template	33	view_userportfoliotemplate
133	Can add work experience	34	add_workexperience
134	Can change work experience	34	change_workexperience
135	Can delete work experience	34	delete_workexperience
136	Can view work experience	34	view_workexperience
137	Can add work experience development	35	add_workexperiencedevelopment
138	Can change work experience development	35	change_workexperiencedevelopment
139	Can delete work experience development	35	delete_workexperiencedevelopment
140	Can view work experience development	35	view_workexperiencedevelopment
141	Can add Token	36	add_token
142	Can change Token	36	change_token
143	Can delete Token	36	delete_token
144	Can view Token	36	view_token
145	Can add Token	37	add_tokenproxy
146	Can change Token	37	change_tokenproxy
147	Can delete Token	37	delete_tokenproxy
148	Can view Token	37	view_tokenproxy
149	Can add site	38	add_site
150	Can change site	38	change_site
151	Can delete site	38	delete_site
152	Can view site	38	view_site
153	Can add email address	39	add_emailaddress
154	Can change email address	39	change_emailaddress
155	Can delete email address	39	delete_emailaddress
156	Can view email address	39	view_emailaddress
157	Can add email confirmation	40	add_emailconfirmation
158	Can change email confirmation	40	change_emailconfirmation
159	Can delete email confirmation	40	delete_emailconfirmation
160	Can view email confirmation	40	view_emailconfirmation
161	Can add social account	41	add_socialaccount
162	Can change social account	41	change_socialaccount
163	Can delete social account	41	delete_socialaccount
164	Can view social account	41	view_socialaccount
165	Can add social application	42	add_socialapp
166	Can change social application	42	change_socialapp
167	Can delete social application	42	delete_socialapp
168	Can view social application	42	view_socialapp
169	Can add social application token	43	add_socialtoken
170	Can change social application token	43	change_socialtoken
171	Can delete social application token	43	delete_socialtoken
172	Can view social application token	43	view_socialtoken
\.


--
-- Data for Name: auth_user; Type: TABLE DATA; Schema: public; Owner: portiq_user
--

COPY public.auth_user (id, password, last_login, is_superuser, username, first_name, last_name, email, is_staff, is_active, date_joined) FROM stdin;
1	pbkdf2_sha256$1000000$p7hi5fDseWgwc71ttyQMI9$Z0weVN6scfZ+AbNaGm0+emcmYh7munzdQQU1NYc3nCc=	\N	t	root				t	t	2025-06-18 20:41:50.348051+00
\.


--
-- Data for Name: auth_user_groups; Type: TABLE DATA; Schema: public; Owner: portiq_user
--

COPY public.auth_user_groups (id, user_id, group_id) FROM stdin;
\.


--
-- Data for Name: auth_user_user_permissions; Type: TABLE DATA; Schema: public; Owner: portiq_user
--

COPY public.auth_user_user_permissions (id, user_id, permission_id) FROM stdin;
\.


--
-- Data for Name: authtoken_token; Type: TABLE DATA; Schema: public; Owner: portiq_user
--

COPY public.authtoken_token (key, created, user_id) FROM stdin;
\.


--
-- Data for Name: django_admin_log; Type: TABLE DATA; Schema: public; Owner: portiq_user
--

COPY public.django_admin_log (id, action_time, object_id, object_repr, action_flag, change_message, content_type_id, user_id) FROM stdin;
\.


--
-- Data for Name: django_content_type; Type: TABLE DATA; Schema: public; Owner: portiq_user
--

COPY public.django_content_type (id, app_label, model) FROM stdin;
1	admin	logentry
2	auth	permission
3	auth	group
4	auth	user
5	contenttypes	contenttype
6	sessions	session
7	portiq_server	codedevelopment
8	portiq_server	cssdevelopment
9	portiq_server	htmldevelopment
10	portiq_server	javascriptdevelopment
11	portiq_server	project
12	portiq_server	user
13	portiq_server	certificatedevelopment
14	portiq_server	educationdevelopment
15	portiq_server	githubdatadevelopment
16	portiq_server	hobbydevelopment
17	portiq_server	languagedevelopment
18	portiq_server	otherdevelopment
19	portiq_server	projectdevelopment
20	portiq_server	projectlink
21	portiq_server	referencedevelopment
22	portiq_server	skilldevelopment
23	portiq_server	skill
24	portiq_server	reference
25	portiq_server	other
26	portiq_server	language
27	portiq_server	hobby
28	portiq_server	githubdata
29	portiq_server	education
30	portiq_server	certificate
31	portiq_server	userinfodevelopment
32	portiq_server	portfoliotemplate
33	portiq_server	userportfoliotemplate
34	portiq_server	workexperience
35	portiq_server	workexperiencedevelopment
36	authtoken	token
37	authtoken	tokenproxy
38	sites	site
39	account	emailaddress
40	account	emailconfirmation
41	socialaccount	socialaccount
42	socialaccount	socialapp
43	socialaccount	socialtoken
\.


--
-- Data for Name: django_migrations; Type: TABLE DATA; Schema: public; Owner: portiq_user
--

COPY public.django_migrations (id, app, name, applied) FROM stdin;
1	contenttypes	0001_initial	2025-06-18 20:41:30.086869+00
2	auth	0001_initial	2025-06-18 20:41:30.119751+00
3	account	0001_initial	2025-06-18 20:41:30.131703+00
4	account	0002_email_max_length	2025-06-18 20:41:30.13454+00
5	account	0003_alter_emailaddress_create_unique_verified_email	2025-06-18 20:41:30.139727+00
6	account	0004_alter_emailaddress_drop_unique_email	2025-06-18 20:41:30.14445+00
7	account	0005_emailaddress_idx_upper_email	2025-06-18 20:41:30.150024+00
8	account	0006_emailaddress_lower	2025-06-18 20:41:30.155964+00
9	account	0007_emailaddress_idx_email	2025-06-18 20:41:30.163156+00
10	account	0008_emailaddress_unique_primary_email_fixup	2025-06-18 20:41:30.167214+00
11	account	0009_emailaddress_unique_primary_email	2025-06-18 20:41:30.171819+00
12	admin	0001_initial	2025-06-18 20:41:30.192018+00
13	admin	0002_logentry_remove_auto_add	2025-06-18 20:41:30.197177+00
14	admin	0003_logentry_add_action_flag_choices	2025-06-18 20:41:30.200212+00
15	contenttypes	0002_remove_content_type_name	2025-06-18 20:41:30.211296+00
16	auth	0002_alter_permission_name_max_length	2025-06-18 20:41:30.21643+00
17	auth	0003_alter_user_email_max_length	2025-06-18 20:41:30.220495+00
18	auth	0004_alter_user_username_opts	2025-06-18 20:41:30.228732+00
19	auth	0005_alter_user_last_login_null	2025-06-18 20:41:30.233082+00
20	auth	0006_require_contenttypes_0002	2025-06-18 20:41:30.234484+00
21	auth	0007_alter_validators_add_error_messages	2025-06-18 20:41:30.267614+00
22	auth	0008_alter_user_username_max_length	2025-06-18 20:41:30.272494+00
23	auth	0009_alter_user_last_name_max_length	2025-06-18 20:41:30.275457+00
24	auth	0010_alter_group_name_max_length	2025-06-18 20:41:30.279352+00
25	auth	0011_update_proxy_permissions	2025-06-18 20:41:30.28239+00
26	auth	0012_alter_user_first_name_max_length	2025-06-18 20:41:30.285367+00
27	authtoken	0001_initial	2025-06-18 20:41:30.294555+00
28	authtoken	0002_auto_20160226_1747	2025-06-18 20:41:30.302922+00
29	authtoken	0003_tokenproxy	2025-06-18 20:41:30.30448+00
30	authtoken	0004_alter_tokenproxy_options	2025-06-18 20:41:30.306464+00
31	portiq_server	0001_initial	2025-06-18 20:41:30.52843+00
32	sessions	0001_initial	2025-06-18 20:41:30.534544+00
33	sites	0001_initial	2025-06-18 20:41:30.536717+00
34	sites	0002_alter_domain_unique	2025-06-18 20:41:30.539981+00
35	socialaccount	0001_initial	2025-06-18 20:41:30.571227+00
36	socialaccount	0002_token_max_lengths	2025-06-18 20:41:30.581612+00
37	socialaccount	0003_extra_data_default_dict	2025-06-18 20:41:30.584672+00
38	socialaccount	0004_app_provider_id_settings	2025-06-18 20:41:30.590408+00
39	socialaccount	0005_socialtoken_nullable_app	2025-06-18 20:41:30.595813+00
40	socialaccount	0006_alter_socialaccount_extra_data	2025-06-18 20:41:30.60263+00
\.


--
-- Data for Name: django_session; Type: TABLE DATA; Schema: public; Owner: portiq_user
--

COPY public.django_session (session_key, session_data, expire_date) FROM stdin;
\.


--
-- Data for Name: django_site; Type: TABLE DATA; Schema: public; Owner: portiq_user
--

COPY public.django_site (id, domain, name) FROM stdin;
1	example.com	example.com
\.


--
-- Data for Name: portiq_server_certificate; Type: TABLE DATA; Schema: public; Owner: portiq_user
--

COPY public.portiq_server_certificate (id_certificate, title, description, start_date, end_date, location, link, created_at, id_user_id) FROM stdin;
\.


--
-- Data for Name: portiq_server_certificatedevelopment; Type: TABLE DATA; Schema: public; Owner: portiq_user
--

COPY public.portiq_server_certificatedevelopment (id_certificate_development, title, created_at, id_code_id, id_user_id) FROM stdin;
1	Professional Theme 1	2025-06-20 14:39:50.89011+00	3	1
\.


--
-- Data for Name: portiq_server_codedevelopment; Type: TABLE DATA; Schema: public; Owner: portiq_user
--

COPY public.portiq_server_codedevelopment (id_code_development, created_at, id_css_id, id_html_id, id_javascript_id) FROM stdin;
1	2025-06-20 14:39:50.865711+00	1	1	1
2	2025-06-20 14:39:50.879171+00	2	2	2
3	2025-06-20 14:39:50.88815+00	3	3	3
4	2025-06-20 14:39:50.897046+00	4	4	4
\.


--
-- Data for Name: portiq_server_cssdevelopment; Type: TABLE DATA; Schema: public; Owner: portiq_user
--

COPY public.portiq_server_cssdevelopment (id_css_development, content, created_at) FROM stdin;
1	.user-info-section {\n    display: flex;\n    justify-content: space-between;\n    align-items: center;\n    margin-bottom: 2cm;\n    border-bottom: 2px solid #e0e0e0;\n    padding-bottom: 24px;\n}\n\n.user-info-section h1 {\n    font-size: 2.5rem;\n    margin: 0 0 10px 0;\n    color: #333;\n}\n\n.contact-info p {\n    margin: 4px 0;\n    color: #555;\n    font-size: 0.9rem;\n}\n\n.contact-info a {\n    color: #0056b3;\n    text-decoration: none;\n}\n\n.contact-info a:hover {\n    text-decoration: underline;\n}\n\n.user-image img {\n    width: 150px;\n    height: 150px;\n    border-radius: 50%; /* Kruna slika */\n    object-fit: cover; /* Slika e prekriti cijeli prostor bez deformacije */\n    border: 3px solid #e0e0e0;\n}	2025-06-20 14:39:50.856698+00
2	.item {\n    margin-bottom: 24px;\n}\n\n.item-header {\n    display: flex;\n    justify-content: space-between;\n    align-items: baseline;\n    margin-bottom: 8px;\n}\n\n.item-header h3 {\n    margin: 0;\n    font-size: 1.2rem;\n    color: #333;\n}\n\n.item-header span {\n    font-size: 0.9rem;\n    font-style: italic;\n    color: #666;\n    white-space: nowrap; /* Sprjeava prelamanje datuma u novi red */\n    padding-left: 16px;\n}\n\n.item-body .location {\n    font-size: 0.9rem;\n    color: #555;\n    margin-top: 0;\n}\n\n.item-body p {\n    margin: 8px 0;\n    line-height: 1.6;\n}\n\n.item-body a {\n    color: #0056b3;\n    text-decoration: none;\n    font-weight: bold;\n    font-size: 0.9rem;\n}\n\n.item-body a:hover {\n    text-decoration: underline;\n}	2025-06-20 14:39:50.875838+00
3	.item {\n    margin-bottom: 24px;\n}\n\n.item-header {\n    display: flex;\n    justify-content: space-between;\n    align-items: baseline;\n    margin-bottom: 8px;\n}\n\n.item-header h3 {\n    margin: 0;\n    font-size: 1.2rem;\n    color: #333;\n}\n\n.item-header span {\n    font-size: 0.9rem;\n    font-style: italic;\n    color: #666;\n    white-space: nowrap; /* Sprjeava prelamanje datuma u novi red */\n    padding-left: 16px;\n}\n\n.item-body .location {\n    font-size: 0.9rem;\n    color: #555;\n    margin-top: 0;\n}\n\n.item-body p {\n    margin: 8px 0;\n    line-height: 1.6;\n}\n\n.item-body a {\n    color: #0056b3;\n    text-decoration: none;\n    font-weight: bold;\n    font-size: 0.9rem;\n}\n\n.item-body a:hover {\n    text-decoration: underline;\n}	2025-06-20 14:39:50.885527+00
4	.item {\n    margin-bottom: 24px;\n}\n\n.item-header {\n    display: flex;\n    justify-content: space-between;\n    align-items: baseline;\n    margin-bottom: 8px;\n}\n\n.item-header h3 {\n    margin: 0;\n    font-size: 1.2rem;\n    color: #333;\n}\n\n.item-header span {\n    font-size: 0.9rem;\n    font-style: italic;\n    color: #666;\n    white-space: nowrap; /* Sprjeava prelamanje datuma u novi red */\n    padding-left: 16px;\n}\n\n.item-body .location {\n    font-size: 0.9rem;\n    color: #555;\n    margin-top: 0;\n}\n\n.item-body p {\n    margin: 8px 0;\n    line-height: 1.6;\n}\n\n.item-body a {\n    color: #0056b3;\n    text-decoration: none;\n    font-weight: bold;\n    font-size: 0.9rem;\n}\n\n.item-body a:hover {\n    text-decoration: underline;\n}	2025-06-20 14:39:50.89419+00
\.


--
-- Data for Name: portiq_server_education; Type: TABLE DATA; Schema: public; Owner: portiq_user
--

COPY public.portiq_server_education (id_education, title, description, location, type, start_date, end_date, link, created_at, id_user_id) FROM stdin;
1	ed	ed		primary_school	2025-06-05	2025-05-28		2025-06-20 14:44:02.558948+00	1
\.


--
-- Data for Name: portiq_server_educationdevelopment; Type: TABLE DATA; Schema: public; Owner: portiq_user
--

COPY public.portiq_server_educationdevelopment (id_education_development, title, created_at, id_code_id, id_user_id) FROM stdin;
1	Professional Theme 1	2025-06-20 14:39:50.899052+00	4	1
\.


--
-- Data for Name: portiq_server_githubdata; Type: TABLE DATA; Schema: public; Owner: portiq_user
--

COPY public.portiq_server_githubdata (id_github_data, avatar_url, github_url, public_repos, followers, following, created_at, id_user_id) FROM stdin;
2	https://avatars.githubusercontent.com/u/184960576?v=4	https://github.com/filipgrabovac-fer	3	0	1	2025-06-18 20:56:19.482861+00	1
\.


--
-- Data for Name: portiq_server_githubdatadevelopment; Type: TABLE DATA; Schema: public; Owner: portiq_user
--

COPY public.portiq_server_githubdatadevelopment (id_github_data_development, title, created_at, id_code_id, id_user_id) FROM stdin;
\.


--
-- Data for Name: portiq_server_hobby; Type: TABLE DATA; Schema: public; Owner: portiq_user
--

COPY public.portiq_server_hobby (id_hobby, title, description, created_at, id_user_id) FROM stdin;
\.


--
-- Data for Name: portiq_server_hobbydevelopment; Type: TABLE DATA; Schema: public; Owner: portiq_user
--

COPY public.portiq_server_hobbydevelopment (id_hobby_development, title, created_at, id_code_id, id_user_id) FROM stdin;
\.


--
-- Data for Name: portiq_server_htmldevelopment; Type: TABLE DATA; Schema: public; Owner: portiq_user
--

COPY public.portiq_server_htmldevelopment (id_html_development, content, created_at) FROM stdin;
1	<header class="user-info-section">\n            <div class="user-details">\n                <h1>{{firstName}} {{lastName}}</h1>\n                <div class="contact-info">\n                    <p><strong>Email:</strong> <a href="mailto:{{email}}">{{email}}</a></p>\n                    <p><strong>Telefon:</strong> {{phoneNumber}}</p>\n                    <p><strong>Adresa:</strong> {{address}}, {{zipCode}} {{city}}, {{state}}, {{country}}</p>\n                </div>\n            </div>\n            <div class="user-image">\n                <img src="{{imageUrl}}" alt="Fotografija korisnika {{firstName}} {{lastName}}">\n            </div>\n        </header>	2025-06-20 14:39:50.845686+00
2	<section class="content-section">\n            <article class="item">\n                <div class="item-header">\n                    <h3>{{title}}</h3>\n                    <span><strong>Razina:</strong> {{level}}</span>\n                </div>\n                <div class="item-body">\n                    <p class="location"><strong>Lokacija:</strong> {{location}}</p>\n                    <p>{{description}}</p>\n                    <a href="{{link}}" target="_blank">Prikai primjer</a>\n                </div>\n            </article>\n            </section>	2025-06-20 14:39:50.874724+00
3	 <section class="content-section">\n            <article class="item">\n                <div class="item-header">\n                    <h3>{{title}}</h3>\n                    <span>{{startDate}} - {{endDate}}</span>\n                </div>\n                <div class="item-body">\n                    <p class="location"><strong>Lokacija:</strong> {{location}}</p>\n                    <p>{{description}}</p>\n                    <a href="{{link}}" target="_blank">Pogledaj certifikat</a>\n                </div>\n            </article>\n            </section>\n	2025-06-20 14:39:50.883983+00
4	<section class="content-section">\n            <h2>Edukacija</h2>\n            \n            <article class="item">\n                <div class="item-header">\n                    <h3>{{title}} - {{type}}</h3>\n                    <span>{{startDate}} - {{endDate}}</span>\n                </div>\n                <div class="item-body">\n                    <p class="location"><strong>Lokacija:</strong> {{location}}</p>\n                    <p>{{description}}</p>\n                    <a href="{{link}}" target="_blank">Vie informacija</a>\n                </div>\n            </article>\n            </section>	2025-06-20 14:39:50.89281+00
\.


--
-- Data for Name: portiq_server_javascriptdevelopment; Type: TABLE DATA; Schema: public; Owner: portiq_user
--

COPY public.portiq_server_javascriptdevelopment (id_javascript_development, content, created_at) FROM stdin;
1		2025-06-20 14:39:50.860356+00
2		2025-06-20 14:39:50.877596+00
3		2025-06-20 14:39:50.886918+00
4		2025-06-20 14:39:50.895996+00
\.


--
-- Data for Name: portiq_server_language; Type: TABLE DATA; Schema: public; Owner: portiq_user
--

COPY public.portiq_server_language (id_language, title, level, created_at, id_user_id) FROM stdin;
\.


--
-- Data for Name: portiq_server_languagedevelopment; Type: TABLE DATA; Schema: public; Owner: portiq_user
--

COPY public.portiq_server_languagedevelopment (id_language_development, title, created_at, id_code_id, id_user_id) FROM stdin;
\.


--
-- Data for Name: portiq_server_other; Type: TABLE DATA; Schema: public; Owner: portiq_user
--

COPY public.portiq_server_other (id_other, title, description, start_date, end_date, location, link, created_at, id_user_id) FROM stdin;
\.


--
-- Data for Name: portiq_server_otherdevelopment; Type: TABLE DATA; Schema: public; Owner: portiq_user
--

COPY public.portiq_server_otherdevelopment (id_other_development, title, created_at, id_code_id, id_user_id) FROM stdin;
\.


--
-- Data for Name: portiq_server_portfoliotemplate; Type: TABLE DATA; Schema: public; Owner: portiq_user
--

COPY public.portiq_server_portfoliotemplate (id_portfolio_template, status, id_certificate_development_id, id_education_development_id, id_github_data_development_id, id_hobby_development_id, id_language_development_id, id_other_development_id, id_project_development_id, id_reference_development_id, id_skill_development_id, id_user_id, id_user_info_development_id, id_work_experience_development_id) FROM stdin;
1		1	1	\N	\N	\N	\N	\N	\N	1	1	1	\N
\.


--
-- Data for Name: portiq_server_project; Type: TABLE DATA; Schema: public; Owner: portiq_user
--

COPY public.portiq_server_project (id_project, title, description, start_date, end_date, location, created_at, id_user_id) FROM stdin;
\.


--
-- Data for Name: portiq_server_projectdevelopment; Type: TABLE DATA; Schema: public; Owner: portiq_user
--

COPY public.portiq_server_projectdevelopment (id_project_development, title, created_at, id_code_id, id_user_id) FROM stdin;
\.


--
-- Data for Name: portiq_server_projectlink; Type: TABLE DATA; Schema: public; Owner: portiq_user
--

COPY public.portiq_server_projectlink (id_project_link, link, created_at, id_project_id) FROM stdin;
\.


--
-- Data for Name: portiq_server_reference; Type: TABLE DATA; Schema: public; Owner: portiq_user
--

COPY public.portiq_server_reference (id_reference, title, description, link, created_at, id_user_id) FROM stdin;
\.


--
-- Data for Name: portiq_server_referencedevelopment; Type: TABLE DATA; Schema: public; Owner: portiq_user
--

COPY public.portiq_server_referencedevelopment (id_reference_development, title, created_at, id_code_id, id_user_id) FROM stdin;
\.


--
-- Data for Name: portiq_server_skill; Type: TABLE DATA; Schema: public; Owner: portiq_user
--

COPY public.portiq_server_skill (id_skill, title, description, location, level, link, created_at, id_user_id) FROM stdin;
\.


--
-- Data for Name: portiq_server_skilldevelopment; Type: TABLE DATA; Schema: public; Owner: portiq_user
--

COPY public.portiq_server_skilldevelopment (id_skill_development, title, created_at, id_code_id, id_user_id) FROM stdin;
1	Professional Theme 1	2025-06-20 14:39:50.881365+00	2	1
\.


--
-- Data for Name: portiq_server_user; Type: TABLE DATA; Schema: public; Owner: portiq_user
--

COPY public.portiq_server_user (id_user, first_name, last_name, email, image_url, phone_number, address, city, state, zip_code, country, github_username, summary, created_at) FROM stdin;
1	Filip	Grabovac	filip.grabovac7@gmail.com	https://media.licdn.com/dms/image/v2/D4D03AQEfXIJ2Uihc5Q/profile-displayphoto-shrink_200_200/B4DZcQkp0BGcAY-/0/1748329734278?e=1755734400&v=beta&t=XTgUzfEmeMIVk54kmkUUqsvUxCW1toGX9OSVerftXLY	0976057126	Adamieva 5	Zagreb	Zaprue	10000	Hrvatska	filipgrabovac-fer	Filip Grabovac is a software developer based in Zagreb, Hrvatska, with three publicly available repositories on his GitHub profile, filipgrabovac-fer.  He can be reached at filip.grabovac7@gmail.com or 0976057126.  His address is Adamieva 5, Zagreb, Zaprue, 10000, Hrvatska.\n	2025-06-18 20:45:45.325812+00
\.


--
-- Data for Name: portiq_server_userinfodevelopment; Type: TABLE DATA; Schema: public; Owner: portiq_user
--

COPY public.portiq_server_userinfodevelopment (id_user_info_development, title, created_at, id_code_id, id_user_id) FROM stdin;
1	Professional Theme 1	2025-06-20 14:39:50.872459+00	1	1
\.


--
-- Data for Name: portiq_server_userportfoliotemplate; Type: TABLE DATA; Schema: public; Owner: portiq_user
--

COPY public.portiq_server_userportfoliotemplate (id_user_portfolio_template, created_at, id_portfolio_template_id, id_user_id) FROM stdin;
\.


--
-- Data for Name: portiq_server_workexperience; Type: TABLE DATA; Schema: public; Owner: portiq_user
--

COPY public.portiq_server_workexperience (id_work_experience, title, description, start_date, end_date, location, created_at, id_user_id) FROM stdin;
\.


--
-- Data for Name: portiq_server_workexperiencedevelopment; Type: TABLE DATA; Schema: public; Owner: portiq_user
--

COPY public.portiq_server_workexperiencedevelopment (id_work_experience_development, title, created_at, id_code_id, id_user_id) FROM stdin;
\.


--
-- Data for Name: socialaccount_socialaccount; Type: TABLE DATA; Schema: public; Owner: portiq_user
--

COPY public.socialaccount_socialaccount (id, provider, uid, last_login, date_joined, extra_data, user_id) FROM stdin;
\.


--
-- Data for Name: socialaccount_socialapp; Type: TABLE DATA; Schema: public; Owner: portiq_user
--

COPY public.socialaccount_socialapp (id, provider, name, client_id, secret, key, provider_id, settings) FROM stdin;
\.


--
-- Data for Name: socialaccount_socialapp_sites; Type: TABLE DATA; Schema: public; Owner: portiq_user
--

COPY public.socialaccount_socialapp_sites (id, socialapp_id, site_id) FROM stdin;
\.


--
-- Data for Name: socialaccount_socialtoken; Type: TABLE DATA; Schema: public; Owner: portiq_user
--

COPY public.socialaccount_socialtoken (id, token, token_secret, expires_at, account_id, app_id) FROM stdin;
\.


--
-- Name: account_emailaddress_id_seq; Type: SEQUENCE SET; Schema: public; Owner: portiq_user
--

SELECT pg_catalog.setval('public.account_emailaddress_id_seq', 1, false);


--
-- Name: account_emailconfirmation_id_seq; Type: SEQUENCE SET; Schema: public; Owner: portiq_user
--

SELECT pg_catalog.setval('public.account_emailconfirmation_id_seq', 1, false);


--
-- Name: auth_group_id_seq; Type: SEQUENCE SET; Schema: public; Owner: portiq_user
--

SELECT pg_catalog.setval('public.auth_group_id_seq', 1, false);


--
-- Name: auth_group_permissions_id_seq; Type: SEQUENCE SET; Schema: public; Owner: portiq_user
--

SELECT pg_catalog.setval('public.auth_group_permissions_id_seq', 1, false);


--
-- Name: auth_permission_id_seq; Type: SEQUENCE SET; Schema: public; Owner: portiq_user
--

SELECT pg_catalog.setval('public.auth_permission_id_seq', 172, true);


--
-- Name: auth_user_groups_id_seq; Type: SEQUENCE SET; Schema: public; Owner: portiq_user
--

SELECT pg_catalog.setval('public.auth_user_groups_id_seq', 1, false);


--
-- Name: auth_user_id_seq; Type: SEQUENCE SET; Schema: public; Owner: portiq_user
--

SELECT pg_catalog.setval('public.auth_user_id_seq', 1, true);


--
-- Name: auth_user_user_permissions_id_seq; Type: SEQUENCE SET; Schema: public; Owner: portiq_user
--

SELECT pg_catalog.setval('public.auth_user_user_permissions_id_seq', 1, false);


--
-- Name: django_admin_log_id_seq; Type: SEQUENCE SET; Schema: public; Owner: portiq_user
--

SELECT pg_catalog.setval('public.django_admin_log_id_seq', 1, false);


--
-- Name: django_content_type_id_seq; Type: SEQUENCE SET; Schema: public; Owner: portiq_user
--

SELECT pg_catalog.setval('public.django_content_type_id_seq', 43, true);


--
-- Name: django_migrations_id_seq; Type: SEQUENCE SET; Schema: public; Owner: portiq_user
--

SELECT pg_catalog.setval('public.django_migrations_id_seq', 40, true);


--
-- Name: django_site_id_seq; Type: SEQUENCE SET; Schema: public; Owner: portiq_user
--

SELECT pg_catalog.setval('public.django_site_id_seq', 1, true);


--
-- Name: portiq_server_certificate_id_certificate_seq; Type: SEQUENCE SET; Schema: public; Owner: portiq_user
--

SELECT pg_catalog.setval('public.portiq_server_certificate_id_certificate_seq', 1, false);


--
-- Name: portiq_server_certificatedevelop_id_certificate_development_seq; Type: SEQUENCE SET; Schema: public; Owner: portiq_user
--

SELECT pg_catalog.setval('public.portiq_server_certificatedevelop_id_certificate_development_seq', 1, true);


--
-- Name: portiq_server_codedevelopment_id_code_development_seq; Type: SEQUENCE SET; Schema: public; Owner: portiq_user
--

SELECT pg_catalog.setval('public.portiq_server_codedevelopment_id_code_development_seq', 4, true);


--
-- Name: portiq_server_cssdevelopment_id_css_development_seq; Type: SEQUENCE SET; Schema: public; Owner: portiq_user
--

SELECT pg_catalog.setval('public.portiq_server_cssdevelopment_id_css_development_seq', 4, true);


--
-- Name: portiq_server_education_id_education_seq; Type: SEQUENCE SET; Schema: public; Owner: portiq_user
--

SELECT pg_catalog.setval('public.portiq_server_education_id_education_seq', 1, true);


--
-- Name: portiq_server_educationdevelopment_id_education_development_seq; Type: SEQUENCE SET; Schema: public; Owner: portiq_user
--

SELECT pg_catalog.setval('public.portiq_server_educationdevelopment_id_education_development_seq', 1, true);


--
-- Name: portiq_server_githubdata_id_github_data_seq; Type: SEQUENCE SET; Schema: public; Owner: portiq_user
--

SELECT pg_catalog.setval('public.portiq_server_githubdata_id_github_data_seq', 2, true);


--
-- Name: portiq_server_githubdatadevelopm_id_github_data_development_seq; Type: SEQUENCE SET; Schema: public; Owner: portiq_user
--

SELECT pg_catalog.setval('public.portiq_server_githubdatadevelopm_id_github_data_development_seq', 1, false);


--
-- Name: portiq_server_hobby_id_hobby_seq; Type: SEQUENCE SET; Schema: public; Owner: portiq_user
--

SELECT pg_catalog.setval('public.portiq_server_hobby_id_hobby_seq', 1, false);


--
-- Name: portiq_server_hobbydevelopment_id_hobby_development_seq; Type: SEQUENCE SET; Schema: public; Owner: portiq_user
--

SELECT pg_catalog.setval('public.portiq_server_hobbydevelopment_id_hobby_development_seq', 1, false);


--
-- Name: portiq_server_htmldevelopment_id_html_development_seq; Type: SEQUENCE SET; Schema: public; Owner: portiq_user
--

SELECT pg_catalog.setval('public.portiq_server_htmldevelopment_id_html_development_seq', 4, true);


--
-- Name: portiq_server_javascriptdevelopme_id_javascript_development_seq; Type: SEQUENCE SET; Schema: public; Owner: portiq_user
--

SELECT pg_catalog.setval('public.portiq_server_javascriptdevelopme_id_javascript_development_seq', 4, true);


--
-- Name: portiq_server_language_id_language_seq; Type: SEQUENCE SET; Schema: public; Owner: portiq_user
--

SELECT pg_catalog.setval('public.portiq_server_language_id_language_seq', 1, false);


--
-- Name: portiq_server_languagedevelopment_id_language_development_seq; Type: SEQUENCE SET; Schema: public; Owner: portiq_user
--

SELECT pg_catalog.setval('public.portiq_server_languagedevelopment_id_language_development_seq', 1, false);


--
-- Name: portiq_server_other_id_other_seq; Type: SEQUENCE SET; Schema: public; Owner: portiq_user
--

SELECT pg_catalog.setval('public.portiq_server_other_id_other_seq', 1, false);


--
-- Name: portiq_server_otherdevelopment_id_other_development_seq; Type: SEQUENCE SET; Schema: public; Owner: portiq_user
--

SELECT pg_catalog.setval('public.portiq_server_otherdevelopment_id_other_development_seq', 1, false);


--
-- Name: portiq_server_portfoliotemplate_id_portfolio_template_seq; Type: SEQUENCE SET; Schema: public; Owner: portiq_user
--

SELECT pg_catalog.setval('public.portiq_server_portfoliotemplate_id_portfolio_template_seq', 1, true);


--
-- Name: portiq_server_project_id_project_seq; Type: SEQUENCE SET; Schema: public; Owner: portiq_user
--

SELECT pg_catalog.setval('public.portiq_server_project_id_project_seq', 1, false);


--
-- Name: portiq_server_projectdevelopment_id_project_development_seq; Type: SEQUENCE SET; Schema: public; Owner: portiq_user
--

SELECT pg_catalog.setval('public.portiq_server_projectdevelopment_id_project_development_seq', 1, false);


--
-- Name: portiq_server_projectlink_id_project_link_seq; Type: SEQUENCE SET; Schema: public; Owner: portiq_user
--

SELECT pg_catalog.setval('public.portiq_server_projectlink_id_project_link_seq', 1, false);


--
-- Name: portiq_server_reference_id_reference_seq; Type: SEQUENCE SET; Schema: public; Owner: portiq_user
--

SELECT pg_catalog.setval('public.portiq_server_reference_id_reference_seq', 1, false);


--
-- Name: portiq_server_referencedevelopment_id_reference_development_seq; Type: SEQUENCE SET; Schema: public; Owner: portiq_user
--

SELECT pg_catalog.setval('public.portiq_server_referencedevelopment_id_reference_development_seq', 1, false);


--
-- Name: portiq_server_skill_id_skill_seq; Type: SEQUENCE SET; Schema: public; Owner: portiq_user
--

SELECT pg_catalog.setval('public.portiq_server_skill_id_skill_seq', 1, false);


--
-- Name: portiq_server_skilldevelopment_id_skill_development_seq; Type: SEQUENCE SET; Schema: public; Owner: portiq_user
--

SELECT pg_catalog.setval('public.portiq_server_skilldevelopment_id_skill_development_seq', 1, true);


--
-- Name: portiq_server_user_id_user_seq; Type: SEQUENCE SET; Schema: public; Owner: portiq_user
--

SELECT pg_catalog.setval('public.portiq_server_user_id_user_seq', 1, true);


--
-- Name: portiq_server_userinfodevelopment_id_user_info_development_seq; Type: SEQUENCE SET; Schema: public; Owner: portiq_user
--

SELECT pg_catalog.setval('public.portiq_server_userinfodevelopment_id_user_info_development_seq', 1, true);


--
-- Name: portiq_server_userportfoliotempl_id_user_portfolio_template_seq; Type: SEQUENCE SET; Schema: public; Owner: portiq_user
--

SELECT pg_catalog.setval('public.portiq_server_userportfoliotempl_id_user_portfolio_template_seq', 1, false);


--
-- Name: portiq_server_workexperience_id_work_experience_seq; Type: SEQUENCE SET; Schema: public; Owner: portiq_user
--

SELECT pg_catalog.setval('public.portiq_server_workexperience_id_work_experience_seq', 1, false);


--
-- Name: portiq_server_workexperienced_id_work_experience_developmen_seq; Type: SEQUENCE SET; Schema: public; Owner: portiq_user
--

SELECT pg_catalog.setval('public.portiq_server_workexperienced_id_work_experience_developmen_seq', 1, false);


--
-- Name: socialaccount_socialaccount_id_seq; Type: SEQUENCE SET; Schema: public; Owner: portiq_user
--

SELECT pg_catalog.setval('public.socialaccount_socialaccount_id_seq', 1, false);


--
-- Name: socialaccount_socialapp_id_seq; Type: SEQUENCE SET; Schema: public; Owner: portiq_user
--

SELECT pg_catalog.setval('public.socialaccount_socialapp_id_seq', 1, false);


--
-- Name: socialaccount_socialapp_sites_id_seq; Type: SEQUENCE SET; Schema: public; Owner: portiq_user
--

SELECT pg_catalog.setval('public.socialaccount_socialapp_sites_id_seq', 1, false);


--
-- Name: socialaccount_socialtoken_id_seq; Type: SEQUENCE SET; Schema: public; Owner: portiq_user
--

SELECT pg_catalog.setval('public.socialaccount_socialtoken_id_seq', 1, false);


--
-- Name: account_emailaddress account_emailaddress_pkey; Type: CONSTRAINT; Schema: public; Owner: portiq_user
--

ALTER TABLE ONLY public.account_emailaddress
    ADD CONSTRAINT account_emailaddress_pkey PRIMARY KEY (id);


--
-- Name: account_emailaddress account_emailaddress_user_id_email_987c8728_uniq; Type: CONSTRAINT; Schema: public; Owner: portiq_user
--

ALTER TABLE ONLY public.account_emailaddress
    ADD CONSTRAINT account_emailaddress_user_id_email_987c8728_uniq UNIQUE (user_id, email);


--
-- Name: account_emailconfirmation account_emailconfirmation_key_key; Type: CONSTRAINT; Schema: public; Owner: portiq_user
--

ALTER TABLE ONLY public.account_emailconfirmation
    ADD CONSTRAINT account_emailconfirmation_key_key UNIQUE (key);


--
-- Name: account_emailconfirmation account_emailconfirmation_pkey; Type: CONSTRAINT; Schema: public; Owner: portiq_user
--

ALTER TABLE ONLY public.account_emailconfirmation
    ADD CONSTRAINT account_emailconfirmation_pkey PRIMARY KEY (id);


--
-- Name: auth_group auth_group_name_key; Type: CONSTRAINT; Schema: public; Owner: portiq_user
--

ALTER TABLE ONLY public.auth_group
    ADD CONSTRAINT auth_group_name_key UNIQUE (name);


--
-- Name: auth_group_permissions auth_group_permissions_group_id_permission_id_0cd325b0_uniq; Type: CONSTRAINT; Schema: public; Owner: portiq_user
--

ALTER TABLE ONLY public.auth_group_permissions
    ADD CONSTRAINT auth_group_permissions_group_id_permission_id_0cd325b0_uniq UNIQUE (group_id, permission_id);


--
-- Name: auth_group_permissions auth_group_permissions_pkey; Type: CONSTRAINT; Schema: public; Owner: portiq_user
--

ALTER TABLE ONLY public.auth_group_permissions
    ADD CONSTRAINT auth_group_permissions_pkey PRIMARY KEY (id);


--
-- Name: auth_group auth_group_pkey; Type: CONSTRAINT; Schema: public; Owner: portiq_user
--

ALTER TABLE ONLY public.auth_group
    ADD CONSTRAINT auth_group_pkey PRIMARY KEY (id);


--
-- Name: auth_permission auth_permission_content_type_id_codename_01ab375a_uniq; Type: CONSTRAINT; Schema: public; Owner: portiq_user
--

ALTER TABLE ONLY public.auth_permission
    ADD CONSTRAINT auth_permission_content_type_id_codename_01ab375a_uniq UNIQUE (content_type_id, codename);


--
-- Name: auth_permission auth_permission_pkey; Type: CONSTRAINT; Schema: public; Owner: portiq_user
--

ALTER TABLE ONLY public.auth_permission
    ADD CONSTRAINT auth_permission_pkey PRIMARY KEY (id);


--
-- Name: auth_user_groups auth_user_groups_pkey; Type: CONSTRAINT; Schema: public; Owner: portiq_user
--

ALTER TABLE ONLY public.auth_user_groups
    ADD CONSTRAINT auth_user_groups_pkey PRIMARY KEY (id);


--
-- Name: auth_user_groups auth_user_groups_user_id_group_id_94350c0c_uniq; Type: CONSTRAINT; Schema: public; Owner: portiq_user
--

ALTER TABLE ONLY public.auth_user_groups
    ADD CONSTRAINT auth_user_groups_user_id_group_id_94350c0c_uniq UNIQUE (user_id, group_id);


--
-- Name: auth_user auth_user_pkey; Type: CONSTRAINT; Schema: public; Owner: portiq_user
--

ALTER TABLE ONLY public.auth_user
    ADD CONSTRAINT auth_user_pkey PRIMARY KEY (id);


--
-- Name: auth_user_user_permissions auth_user_user_permissions_pkey; Type: CONSTRAINT; Schema: public; Owner: portiq_user
--

ALTER TABLE ONLY public.auth_user_user_permissions
    ADD CONSTRAINT auth_user_user_permissions_pkey PRIMARY KEY (id);


--
-- Name: auth_user_user_permissions auth_user_user_permissions_user_id_permission_id_14a6b632_uniq; Type: CONSTRAINT; Schema: public; Owner: portiq_user
--

ALTER TABLE ONLY public.auth_user_user_permissions
    ADD CONSTRAINT auth_user_user_permissions_user_id_permission_id_14a6b632_uniq UNIQUE (user_id, permission_id);


--
-- Name: auth_user auth_user_username_key; Type: CONSTRAINT; Schema: public; Owner: portiq_user
--

ALTER TABLE ONLY public.auth_user
    ADD CONSTRAINT auth_user_username_key UNIQUE (username);


--
-- Name: authtoken_token authtoken_token_pkey; Type: CONSTRAINT; Schema: public; Owner: portiq_user
--

ALTER TABLE ONLY public.authtoken_token
    ADD CONSTRAINT authtoken_token_pkey PRIMARY KEY (key);


--
-- Name: authtoken_token authtoken_token_user_id_key; Type: CONSTRAINT; Schema: public; Owner: portiq_user
--

ALTER TABLE ONLY public.authtoken_token
    ADD CONSTRAINT authtoken_token_user_id_key UNIQUE (user_id);


--
-- Name: django_admin_log django_admin_log_pkey; Type: CONSTRAINT; Schema: public; Owner: portiq_user
--

ALTER TABLE ONLY public.django_admin_log
    ADD CONSTRAINT django_admin_log_pkey PRIMARY KEY (id);


--
-- Name: django_content_type django_content_type_app_label_model_76bd3d3b_uniq; Type: CONSTRAINT; Schema: public; Owner: portiq_user
--

ALTER TABLE ONLY public.django_content_type
    ADD CONSTRAINT django_content_type_app_label_model_76bd3d3b_uniq UNIQUE (app_label, model);


--
-- Name: django_content_type django_content_type_pkey; Type: CONSTRAINT; Schema: public; Owner: portiq_user
--

ALTER TABLE ONLY public.django_content_type
    ADD CONSTRAINT django_content_type_pkey PRIMARY KEY (id);


--
-- Name: django_migrations django_migrations_pkey; Type: CONSTRAINT; Schema: public; Owner: portiq_user
--

ALTER TABLE ONLY public.django_migrations
    ADD CONSTRAINT django_migrations_pkey PRIMARY KEY (id);


--
-- Name: django_session django_session_pkey; Type: CONSTRAINT; Schema: public; Owner: portiq_user
--

ALTER TABLE ONLY public.django_session
    ADD CONSTRAINT django_session_pkey PRIMARY KEY (session_key);


--
-- Name: django_site django_site_domain_a2e37b91_uniq; Type: CONSTRAINT; Schema: public; Owner: portiq_user
--

ALTER TABLE ONLY public.django_site
    ADD CONSTRAINT django_site_domain_a2e37b91_uniq UNIQUE (domain);


--
-- Name: django_site django_site_pkey; Type: CONSTRAINT; Schema: public; Owner: portiq_user
--

ALTER TABLE ONLY public.django_site
    ADD CONSTRAINT django_site_pkey PRIMARY KEY (id);


--
-- Name: portiq_server_certificate portiq_server_certificate_pkey; Type: CONSTRAINT; Schema: public; Owner: portiq_user
--

ALTER TABLE ONLY public.portiq_server_certificate
    ADD CONSTRAINT portiq_server_certificate_pkey PRIMARY KEY (id_certificate);


--
-- Name: portiq_server_certificatedevelopment portiq_server_certificatedevelopment_pkey; Type: CONSTRAINT; Schema: public; Owner: portiq_user
--

ALTER TABLE ONLY public.portiq_server_certificatedevelopment
    ADD CONSTRAINT portiq_server_certificatedevelopment_pkey PRIMARY KEY (id_certificate_development);


--
-- Name: portiq_server_codedevelopment portiq_server_codedevelopment_pkey; Type: CONSTRAINT; Schema: public; Owner: portiq_user
--

ALTER TABLE ONLY public.portiq_server_codedevelopment
    ADD CONSTRAINT portiq_server_codedevelopment_pkey PRIMARY KEY (id_code_development);


--
-- Name: portiq_server_cssdevelopment portiq_server_cssdevelopment_pkey; Type: CONSTRAINT; Schema: public; Owner: portiq_user
--

ALTER TABLE ONLY public.portiq_server_cssdevelopment
    ADD CONSTRAINT portiq_server_cssdevelopment_pkey PRIMARY KEY (id_css_development);


--
-- Name: portiq_server_education portiq_server_education_pkey; Type: CONSTRAINT; Schema: public; Owner: portiq_user
--

ALTER TABLE ONLY public.portiq_server_education
    ADD CONSTRAINT portiq_server_education_pkey PRIMARY KEY (id_education);


--
-- Name: portiq_server_educationdevelopment portiq_server_educationdevelopment_pkey; Type: CONSTRAINT; Schema: public; Owner: portiq_user
--

ALTER TABLE ONLY public.portiq_server_educationdevelopment
    ADD CONSTRAINT portiq_server_educationdevelopment_pkey PRIMARY KEY (id_education_development);


--
-- Name: portiq_server_githubdata portiq_server_githubdata_pkey; Type: CONSTRAINT; Schema: public; Owner: portiq_user
--

ALTER TABLE ONLY public.portiq_server_githubdata
    ADD CONSTRAINT portiq_server_githubdata_pkey PRIMARY KEY (id_github_data);


--
-- Name: portiq_server_githubdatadevelopment portiq_server_githubdatadevelopment_pkey; Type: CONSTRAINT; Schema: public; Owner: portiq_user
--

ALTER TABLE ONLY public.portiq_server_githubdatadevelopment
    ADD CONSTRAINT portiq_server_githubdatadevelopment_pkey PRIMARY KEY (id_github_data_development);


--
-- Name: portiq_server_hobby portiq_server_hobby_pkey; Type: CONSTRAINT; Schema: public; Owner: portiq_user
--

ALTER TABLE ONLY public.portiq_server_hobby
    ADD CONSTRAINT portiq_server_hobby_pkey PRIMARY KEY (id_hobby);


--
-- Name: portiq_server_hobbydevelopment portiq_server_hobbydevelopment_pkey; Type: CONSTRAINT; Schema: public; Owner: portiq_user
--

ALTER TABLE ONLY public.portiq_server_hobbydevelopment
    ADD CONSTRAINT portiq_server_hobbydevelopment_pkey PRIMARY KEY (id_hobby_development);


--
-- Name: portiq_server_htmldevelopment portiq_server_htmldevelopment_pkey; Type: CONSTRAINT; Schema: public; Owner: portiq_user
--

ALTER TABLE ONLY public.portiq_server_htmldevelopment
    ADD CONSTRAINT portiq_server_htmldevelopment_pkey PRIMARY KEY (id_html_development);


--
-- Name: portiq_server_javascriptdevelopment portiq_server_javascriptdevelopment_pkey; Type: CONSTRAINT; Schema: public; Owner: portiq_user
--

ALTER TABLE ONLY public.portiq_server_javascriptdevelopment
    ADD CONSTRAINT portiq_server_javascriptdevelopment_pkey PRIMARY KEY (id_javascript_development);


--
-- Name: portiq_server_language portiq_server_language_pkey; Type: CONSTRAINT; Schema: public; Owner: portiq_user
--

ALTER TABLE ONLY public.portiq_server_language
    ADD CONSTRAINT portiq_server_language_pkey PRIMARY KEY (id_language);


--
-- Name: portiq_server_languagedevelopment portiq_server_languagedevelopment_pkey; Type: CONSTRAINT; Schema: public; Owner: portiq_user
--

ALTER TABLE ONLY public.portiq_server_languagedevelopment
    ADD CONSTRAINT portiq_server_languagedevelopment_pkey PRIMARY KEY (id_language_development);


--
-- Name: portiq_server_other portiq_server_other_pkey; Type: CONSTRAINT; Schema: public; Owner: portiq_user
--

ALTER TABLE ONLY public.portiq_server_other
    ADD CONSTRAINT portiq_server_other_pkey PRIMARY KEY (id_other);


--
-- Name: portiq_server_otherdevelopment portiq_server_otherdevelopment_pkey; Type: CONSTRAINT; Schema: public; Owner: portiq_user
--

ALTER TABLE ONLY public.portiq_server_otherdevelopment
    ADD CONSTRAINT portiq_server_otherdevelopment_pkey PRIMARY KEY (id_other_development);


--
-- Name: portiq_server_portfoliotemplate portiq_server_portfoliotemplate_pkey; Type: CONSTRAINT; Schema: public; Owner: portiq_user
--

ALTER TABLE ONLY public.portiq_server_portfoliotemplate
    ADD CONSTRAINT portiq_server_portfoliotemplate_pkey PRIMARY KEY (id_portfolio_template);


--
-- Name: portiq_server_project portiq_server_project_pkey; Type: CONSTRAINT; Schema: public; Owner: portiq_user
--

ALTER TABLE ONLY public.portiq_server_project
    ADD CONSTRAINT portiq_server_project_pkey PRIMARY KEY (id_project);


--
-- Name: portiq_server_projectdevelopment portiq_server_projectdevelopment_pkey; Type: CONSTRAINT; Schema: public; Owner: portiq_user
--

ALTER TABLE ONLY public.portiq_server_projectdevelopment
    ADD CONSTRAINT portiq_server_projectdevelopment_pkey PRIMARY KEY (id_project_development);


--
-- Name: portiq_server_projectlink portiq_server_projectlink_pkey; Type: CONSTRAINT; Schema: public; Owner: portiq_user
--

ALTER TABLE ONLY public.portiq_server_projectlink
    ADD CONSTRAINT portiq_server_projectlink_pkey PRIMARY KEY (id_project_link);


--
-- Name: portiq_server_reference portiq_server_reference_pkey; Type: CONSTRAINT; Schema: public; Owner: portiq_user
--

ALTER TABLE ONLY public.portiq_server_reference
    ADD CONSTRAINT portiq_server_reference_pkey PRIMARY KEY (id_reference);


--
-- Name: portiq_server_referencedevelopment portiq_server_referencedevelopment_pkey; Type: CONSTRAINT; Schema: public; Owner: portiq_user
--

ALTER TABLE ONLY public.portiq_server_referencedevelopment
    ADD CONSTRAINT portiq_server_referencedevelopment_pkey PRIMARY KEY (id_reference_development);


--
-- Name: portiq_server_skill portiq_server_skill_pkey; Type: CONSTRAINT; Schema: public; Owner: portiq_user
--

ALTER TABLE ONLY public.portiq_server_skill
    ADD CONSTRAINT portiq_server_skill_pkey PRIMARY KEY (id_skill);


--
-- Name: portiq_server_skilldevelopment portiq_server_skilldevelopment_pkey; Type: CONSTRAINT; Schema: public; Owner: portiq_user
--

ALTER TABLE ONLY public.portiq_server_skilldevelopment
    ADD CONSTRAINT portiq_server_skilldevelopment_pkey PRIMARY KEY (id_skill_development);


--
-- Name: portiq_server_user portiq_server_user_email_key; Type: CONSTRAINT; Schema: public; Owner: portiq_user
--

ALTER TABLE ONLY public.portiq_server_user
    ADD CONSTRAINT portiq_server_user_email_key UNIQUE (email);


--
-- Name: portiq_server_user portiq_server_user_pkey; Type: CONSTRAINT; Schema: public; Owner: portiq_user
--

ALTER TABLE ONLY public.portiq_server_user
    ADD CONSTRAINT portiq_server_user_pkey PRIMARY KEY (id_user);


--
-- Name: portiq_server_userinfodevelopment portiq_server_userinfodevelopment_pkey; Type: CONSTRAINT; Schema: public; Owner: portiq_user
--

ALTER TABLE ONLY public.portiq_server_userinfodevelopment
    ADD CONSTRAINT portiq_server_userinfodevelopment_pkey PRIMARY KEY (id_user_info_development);


--
-- Name: portiq_server_userportfoliotemplate portiq_server_userportfoliotemplate_pkey; Type: CONSTRAINT; Schema: public; Owner: portiq_user
--

ALTER TABLE ONLY public.portiq_server_userportfoliotemplate
    ADD CONSTRAINT portiq_server_userportfoliotemplate_pkey PRIMARY KEY (id_user_portfolio_template);


--
-- Name: portiq_server_workexperience portiq_server_workexperience_pkey; Type: CONSTRAINT; Schema: public; Owner: portiq_user
--

ALTER TABLE ONLY public.portiq_server_workexperience
    ADD CONSTRAINT portiq_server_workexperience_pkey PRIMARY KEY (id_work_experience);


--
-- Name: portiq_server_workexperiencedevelopment portiq_server_workexperiencedevelopment_pkey; Type: CONSTRAINT; Schema: public; Owner: portiq_user
--

ALTER TABLE ONLY public.portiq_server_workexperiencedevelopment
    ADD CONSTRAINT portiq_server_workexperiencedevelopment_pkey PRIMARY KEY (id_work_experience_development);


--
-- Name: socialaccount_socialaccount socialaccount_socialaccount_pkey; Type: CONSTRAINT; Schema: public; Owner: portiq_user
--

ALTER TABLE ONLY public.socialaccount_socialaccount
    ADD CONSTRAINT socialaccount_socialaccount_pkey PRIMARY KEY (id);


--
-- Name: socialaccount_socialaccount socialaccount_socialaccount_provider_uid_fc810c6e_uniq; Type: CONSTRAINT; Schema: public; Owner: portiq_user
--

ALTER TABLE ONLY public.socialaccount_socialaccount
    ADD CONSTRAINT socialaccount_socialaccount_provider_uid_fc810c6e_uniq UNIQUE (provider, uid);


--
-- Name: socialaccount_socialapp_sites socialaccount_socialapp__socialapp_id_site_id_71a9a768_uniq; Type: CONSTRAINT; Schema: public; Owner: portiq_user
--

ALTER TABLE ONLY public.socialaccount_socialapp_sites
    ADD CONSTRAINT socialaccount_socialapp__socialapp_id_site_id_71a9a768_uniq UNIQUE (socialapp_id, site_id);


--
-- Name: socialaccount_socialapp socialaccount_socialapp_pkey; Type: CONSTRAINT; Schema: public; Owner: portiq_user
--

ALTER TABLE ONLY public.socialaccount_socialapp
    ADD CONSTRAINT socialaccount_socialapp_pkey PRIMARY KEY (id);


--
-- Name: socialaccount_socialapp_sites socialaccount_socialapp_sites_pkey; Type: CONSTRAINT; Schema: public; Owner: portiq_user
--

ALTER TABLE ONLY public.socialaccount_socialapp_sites
    ADD CONSTRAINT socialaccount_socialapp_sites_pkey PRIMARY KEY (id);


--
-- Name: socialaccount_socialtoken socialaccount_socialtoken_app_id_account_id_fca4e0ac_uniq; Type: CONSTRAINT; Schema: public; Owner: portiq_user
--

ALTER TABLE ONLY public.socialaccount_socialtoken
    ADD CONSTRAINT socialaccount_socialtoken_app_id_account_id_fca4e0ac_uniq UNIQUE (app_id, account_id);


--
-- Name: socialaccount_socialtoken socialaccount_socialtoken_pkey; Type: CONSTRAINT; Schema: public; Owner: portiq_user
--

ALTER TABLE ONLY public.socialaccount_socialtoken
    ADD CONSTRAINT socialaccount_socialtoken_pkey PRIMARY KEY (id);


--
-- Name: account_emailaddress_email_03be32b2; Type: INDEX; Schema: public; Owner: portiq_user
--

CREATE INDEX account_emailaddress_email_03be32b2 ON public.account_emailaddress USING btree (email);


--
-- Name: account_emailaddress_email_03be32b2_like; Type: INDEX; Schema: public; Owner: portiq_user
--

CREATE INDEX account_emailaddress_email_03be32b2_like ON public.account_emailaddress USING btree (email varchar_pattern_ops);


--
-- Name: account_emailaddress_user_id_2c513194; Type: INDEX; Schema: public; Owner: portiq_user
--

CREATE INDEX account_emailaddress_user_id_2c513194 ON public.account_emailaddress USING btree (user_id);


--
-- Name: account_emailconfirmation_email_address_id_5b7f8c58; Type: INDEX; Schema: public; Owner: portiq_user
--

CREATE INDEX account_emailconfirmation_email_address_id_5b7f8c58 ON public.account_emailconfirmation USING btree (email_address_id);


--
-- Name: account_emailconfirmation_key_f43612bd_like; Type: INDEX; Schema: public; Owner: portiq_user
--

CREATE INDEX account_emailconfirmation_key_f43612bd_like ON public.account_emailconfirmation USING btree (key varchar_pattern_ops);


--
-- Name: auth_group_name_a6ea08ec_like; Type: INDEX; Schema: public; Owner: portiq_user
--

CREATE INDEX auth_group_name_a6ea08ec_like ON public.auth_group USING btree (name varchar_pattern_ops);


--
-- Name: auth_group_permissions_group_id_b120cbf9; Type: INDEX; Schema: public; Owner: portiq_user
--

CREATE INDEX auth_group_permissions_group_id_b120cbf9 ON public.auth_group_permissions USING btree (group_id);


--
-- Name: auth_group_permissions_permission_id_84c5c92e; Type: INDEX; Schema: public; Owner: portiq_user
--

CREATE INDEX auth_group_permissions_permission_id_84c5c92e ON public.auth_group_permissions USING btree (permission_id);


--
-- Name: auth_permission_content_type_id_2f476e4b; Type: INDEX; Schema: public; Owner: portiq_user
--

CREATE INDEX auth_permission_content_type_id_2f476e4b ON public.auth_permission USING btree (content_type_id);


--
-- Name: auth_user_groups_group_id_97559544; Type: INDEX; Schema: public; Owner: portiq_user
--

CREATE INDEX auth_user_groups_group_id_97559544 ON public.auth_user_groups USING btree (group_id);


--
-- Name: auth_user_groups_user_id_6a12ed8b; Type: INDEX; Schema: public; Owner: portiq_user
--

CREATE INDEX auth_user_groups_user_id_6a12ed8b ON public.auth_user_groups USING btree (user_id);


--
-- Name: auth_user_user_permissions_permission_id_1fbb5f2c; Type: INDEX; Schema: public; Owner: portiq_user
--

CREATE INDEX auth_user_user_permissions_permission_id_1fbb5f2c ON public.auth_user_user_permissions USING btree (permission_id);


--
-- Name: auth_user_user_permissions_user_id_a95ead1b; Type: INDEX; Schema: public; Owner: portiq_user
--

CREATE INDEX auth_user_user_permissions_user_id_a95ead1b ON public.auth_user_user_permissions USING btree (user_id);


--
-- Name: auth_user_username_6821ab7c_like; Type: INDEX; Schema: public; Owner: portiq_user
--

CREATE INDEX auth_user_username_6821ab7c_like ON public.auth_user USING btree (username varchar_pattern_ops);


--
-- Name: authtoken_token_key_10f0b77e_like; Type: INDEX; Schema: public; Owner: portiq_user
--

CREATE INDEX authtoken_token_key_10f0b77e_like ON public.authtoken_token USING btree (key varchar_pattern_ops);


--
-- Name: django_admin_log_content_type_id_c4bce8eb; Type: INDEX; Schema: public; Owner: portiq_user
--

CREATE INDEX django_admin_log_content_type_id_c4bce8eb ON public.django_admin_log USING btree (content_type_id);


--
-- Name: django_admin_log_user_id_c564eba6; Type: INDEX; Schema: public; Owner: portiq_user
--

CREATE INDEX django_admin_log_user_id_c564eba6 ON public.django_admin_log USING btree (user_id);


--
-- Name: django_session_expire_date_a5c62663; Type: INDEX; Schema: public; Owner: portiq_user
--

CREATE INDEX django_session_expire_date_a5c62663 ON public.django_session USING btree (expire_date);


--
-- Name: django_session_session_key_c0390e0f_like; Type: INDEX; Schema: public; Owner: portiq_user
--

CREATE INDEX django_session_session_key_c0390e0f_like ON public.django_session USING btree (session_key varchar_pattern_ops);


--
-- Name: django_site_domain_a2e37b91_like; Type: INDEX; Schema: public; Owner: portiq_user
--

CREATE INDEX django_site_domain_a2e37b91_like ON public.django_site USING btree (domain varchar_pattern_ops);


--
-- Name: portiq_server_certificate_id_user_id_ebe94475; Type: INDEX; Schema: public; Owner: portiq_user
--

CREATE INDEX portiq_server_certificate_id_user_id_ebe94475 ON public.portiq_server_certificate USING btree (id_user_id);


--
-- Name: portiq_server_certificatedevelopment_id_code_id_5b8cfd70; Type: INDEX; Schema: public; Owner: portiq_user
--

CREATE INDEX portiq_server_certificatedevelopment_id_code_id_5b8cfd70 ON public.portiq_server_certificatedevelopment USING btree (id_code_id);


--
-- Name: portiq_server_certificatedevelopment_id_user_id_d4bc3618; Type: INDEX; Schema: public; Owner: portiq_user
--

CREATE INDEX portiq_server_certificatedevelopment_id_user_id_d4bc3618 ON public.portiq_server_certificatedevelopment USING btree (id_user_id);


--
-- Name: portiq_server_codedevelopment_id_css_id_1914ad22; Type: INDEX; Schema: public; Owner: portiq_user
--

CREATE INDEX portiq_server_codedevelopment_id_css_id_1914ad22 ON public.portiq_server_codedevelopment USING btree (id_css_id);


--
-- Name: portiq_server_codedevelopment_id_html_id_c1149065; Type: INDEX; Schema: public; Owner: portiq_user
--

CREATE INDEX portiq_server_codedevelopment_id_html_id_c1149065 ON public.portiq_server_codedevelopment USING btree (id_html_id);


--
-- Name: portiq_server_codedevelopment_id_javascript_id_35ae0101; Type: INDEX; Schema: public; Owner: portiq_user
--

CREATE INDEX portiq_server_codedevelopment_id_javascript_id_35ae0101 ON public.portiq_server_codedevelopment USING btree (id_javascript_id);


--
-- Name: portiq_server_education_id_user_id_8556d747; Type: INDEX; Schema: public; Owner: portiq_user
--

CREATE INDEX portiq_server_education_id_user_id_8556d747 ON public.portiq_server_education USING btree (id_user_id);


--
-- Name: portiq_server_educationdevelopment_id_code_id_96171979; Type: INDEX; Schema: public; Owner: portiq_user
--

CREATE INDEX portiq_server_educationdevelopment_id_code_id_96171979 ON public.portiq_server_educationdevelopment USING btree (id_code_id);


--
-- Name: portiq_server_educationdevelopment_id_user_id_bd440dc5; Type: INDEX; Schema: public; Owner: portiq_user
--

CREATE INDEX portiq_server_educationdevelopment_id_user_id_bd440dc5 ON public.portiq_server_educationdevelopment USING btree (id_user_id);


--
-- Name: portiq_server_githubdata_id_user_id_fd014538; Type: INDEX; Schema: public; Owner: portiq_user
--

CREATE INDEX portiq_server_githubdata_id_user_id_fd014538 ON public.portiq_server_githubdata USING btree (id_user_id);


--
-- Name: portiq_server_githubdatadevelopment_id_code_id_7c1219c5; Type: INDEX; Schema: public; Owner: portiq_user
--

CREATE INDEX portiq_server_githubdatadevelopment_id_code_id_7c1219c5 ON public.portiq_server_githubdatadevelopment USING btree (id_code_id);


--
-- Name: portiq_server_githubdatadevelopment_id_user_id_456bcfca; Type: INDEX; Schema: public; Owner: portiq_user
--

CREATE INDEX portiq_server_githubdatadevelopment_id_user_id_456bcfca ON public.portiq_server_githubdatadevelopment USING btree (id_user_id);


--
-- Name: portiq_server_hobby_id_user_id_64e25842; Type: INDEX; Schema: public; Owner: portiq_user
--

CREATE INDEX portiq_server_hobby_id_user_id_64e25842 ON public.portiq_server_hobby USING btree (id_user_id);


--
-- Name: portiq_server_hobbydevelopment_id_code_id_a3171fcf; Type: INDEX; Schema: public; Owner: portiq_user
--

CREATE INDEX portiq_server_hobbydevelopment_id_code_id_a3171fcf ON public.portiq_server_hobbydevelopment USING btree (id_code_id);


--
-- Name: portiq_server_hobbydevelopment_id_user_id_9a12e3db; Type: INDEX; Schema: public; Owner: portiq_user
--

CREATE INDEX portiq_server_hobbydevelopment_id_user_id_9a12e3db ON public.portiq_server_hobbydevelopment USING btree (id_user_id);


--
-- Name: portiq_server_language_id_user_id_f9af3538; Type: INDEX; Schema: public; Owner: portiq_user
--

CREATE INDEX portiq_server_language_id_user_id_f9af3538 ON public.portiq_server_language USING btree (id_user_id);


--
-- Name: portiq_server_languagedevelopment_id_code_id_2885212e; Type: INDEX; Schema: public; Owner: portiq_user
--

CREATE INDEX portiq_server_languagedevelopment_id_code_id_2885212e ON public.portiq_server_languagedevelopment USING btree (id_code_id);


--
-- Name: portiq_server_languagedevelopment_id_user_id_9419f6bc; Type: INDEX; Schema: public; Owner: portiq_user
--

CREATE INDEX portiq_server_languagedevelopment_id_user_id_9419f6bc ON public.portiq_server_languagedevelopment USING btree (id_user_id);


--
-- Name: portiq_server_other_id_user_id_4e598772; Type: INDEX; Schema: public; Owner: portiq_user
--

CREATE INDEX portiq_server_other_id_user_id_4e598772 ON public.portiq_server_other USING btree (id_user_id);


--
-- Name: portiq_server_otherdevelopment_id_code_id_7e5b43e5; Type: INDEX; Schema: public; Owner: portiq_user
--

CREATE INDEX portiq_server_otherdevelopment_id_code_id_7e5b43e5 ON public.portiq_server_otherdevelopment USING btree (id_code_id);


--
-- Name: portiq_server_otherdevelopment_id_user_id_1ed42a27; Type: INDEX; Schema: public; Owner: portiq_user
--

CREATE INDEX portiq_server_otherdevelopment_id_user_id_1ed42a27 ON public.portiq_server_otherdevelopment USING btree (id_user_id);


--
-- Name: portiq_server_portfoliotem_id_certificate_development_62c5bb67; Type: INDEX; Schema: public; Owner: portiq_user
--

CREATE INDEX portiq_server_portfoliotem_id_certificate_development_62c5bb67 ON public.portiq_server_portfoliotemplate USING btree (id_certificate_development_id);


--
-- Name: portiq_server_portfoliotem_id_education_development_i_87694f24; Type: INDEX; Schema: public; Owner: portiq_user
--

CREATE INDEX portiq_server_portfoliotem_id_education_development_i_87694f24 ON public.portiq_server_portfoliotemplate USING btree (id_education_development_id);


--
-- Name: portiq_server_portfoliotem_id_github_data_development_2627d6bd; Type: INDEX; Schema: public; Owner: portiq_user
--

CREATE INDEX portiq_server_portfoliotem_id_github_data_development_2627d6bd ON public.portiq_server_portfoliotemplate USING btree (id_github_data_development_id);


--
-- Name: portiq_server_portfoliotem_id_hobby_development_id_65c291df; Type: INDEX; Schema: public; Owner: portiq_user
--

CREATE INDEX portiq_server_portfoliotem_id_hobby_development_id_65c291df ON public.portiq_server_portfoliotemplate USING btree (id_hobby_development_id);


--
-- Name: portiq_server_portfoliotem_id_language_development_id_f7945568; Type: INDEX; Schema: public; Owner: portiq_user
--

CREATE INDEX portiq_server_portfoliotem_id_language_development_id_f7945568 ON public.portiq_server_portfoliotemplate USING btree (id_language_development_id);


--
-- Name: portiq_server_portfoliotem_id_other_development_id_dc8a4816; Type: INDEX; Schema: public; Owner: portiq_user
--

CREATE INDEX portiq_server_portfoliotem_id_other_development_id_dc8a4816 ON public.portiq_server_portfoliotemplate USING btree (id_other_development_id);


--
-- Name: portiq_server_portfoliotem_id_project_development_id_fe87dd85; Type: INDEX; Schema: public; Owner: portiq_user
--

CREATE INDEX portiq_server_portfoliotem_id_project_development_id_fe87dd85 ON public.portiq_server_portfoliotemplate USING btree (id_project_development_id);


--
-- Name: portiq_server_portfoliotem_id_reference_development_i_ed6dc1a8; Type: INDEX; Schema: public; Owner: portiq_user
--

CREATE INDEX portiq_server_portfoliotem_id_reference_development_i_ed6dc1a8 ON public.portiq_server_portfoliotemplate USING btree (id_reference_development_id);


--
-- Name: portiq_server_portfoliotem_id_skill_development_id_0b5f9ab0; Type: INDEX; Schema: public; Owner: portiq_user
--

CREATE INDEX portiq_server_portfoliotem_id_skill_development_id_0b5f9ab0 ON public.portiq_server_portfoliotemplate USING btree (id_skill_development_id);


--
-- Name: portiq_server_portfoliotem_id_user_info_development_i_c40ef0bf; Type: INDEX; Schema: public; Owner: portiq_user
--

CREATE INDEX portiq_server_portfoliotem_id_user_info_development_i_c40ef0bf ON public.portiq_server_portfoliotemplate USING btree (id_user_info_development_id);


--
-- Name: portiq_server_portfoliotem_id_work_experience_develop_8d239e04; Type: INDEX; Schema: public; Owner: portiq_user
--

CREATE INDEX portiq_server_portfoliotem_id_work_experience_develop_8d239e04 ON public.portiq_server_portfoliotemplate USING btree (id_work_experience_development_id);


--
-- Name: portiq_server_portfoliotemplate_id_user_id_bc99abae; Type: INDEX; Schema: public; Owner: portiq_user
--

CREATE INDEX portiq_server_portfoliotemplate_id_user_id_bc99abae ON public.portiq_server_portfoliotemplate USING btree (id_user_id);


--
-- Name: portiq_server_project_id_user_id_cead639d; Type: INDEX; Schema: public; Owner: portiq_user
--

CREATE INDEX portiq_server_project_id_user_id_cead639d ON public.portiq_server_project USING btree (id_user_id);


--
-- Name: portiq_server_projectdevelopment_id_code_id_1d6c011f; Type: INDEX; Schema: public; Owner: portiq_user
--

CREATE INDEX portiq_server_projectdevelopment_id_code_id_1d6c011f ON public.portiq_server_projectdevelopment USING btree (id_code_id);


--
-- Name: portiq_server_projectdevelopment_id_user_id_dd660d31; Type: INDEX; Schema: public; Owner: portiq_user
--

CREATE INDEX portiq_server_projectdevelopment_id_user_id_dd660d31 ON public.portiq_server_projectdevelopment USING btree (id_user_id);


--
-- Name: portiq_server_projectlink_id_project_id_529595c3; Type: INDEX; Schema: public; Owner: portiq_user
--

CREATE INDEX portiq_server_projectlink_id_project_id_529595c3 ON public.portiq_server_projectlink USING btree (id_project_id);


--
-- Name: portiq_server_reference_id_user_id_c80c100d; Type: INDEX; Schema: public; Owner: portiq_user
--

CREATE INDEX portiq_server_reference_id_user_id_c80c100d ON public.portiq_server_reference USING btree (id_user_id);


--
-- Name: portiq_server_referencedevelopment_id_code_id_46632371; Type: INDEX; Schema: public; Owner: portiq_user
--

CREATE INDEX portiq_server_referencedevelopment_id_code_id_46632371 ON public.portiq_server_referencedevelopment USING btree (id_code_id);


--
-- Name: portiq_server_referencedevelopment_id_user_id_996fb83e; Type: INDEX; Schema: public; Owner: portiq_user
--

CREATE INDEX portiq_server_referencedevelopment_id_user_id_996fb83e ON public.portiq_server_referencedevelopment USING btree (id_user_id);


--
-- Name: portiq_server_skill_id_user_id_b7406653; Type: INDEX; Schema: public; Owner: portiq_user
--

CREATE INDEX portiq_server_skill_id_user_id_b7406653 ON public.portiq_server_skill USING btree (id_user_id);


--
-- Name: portiq_server_skilldevelopment_id_code_id_2856022b; Type: INDEX; Schema: public; Owner: portiq_user
--

CREATE INDEX portiq_server_skilldevelopment_id_code_id_2856022b ON public.portiq_server_skilldevelopment USING btree (id_code_id);


--
-- Name: portiq_server_skilldevelopment_id_user_id_af109e97; Type: INDEX; Schema: public; Owner: portiq_user
--

CREATE INDEX portiq_server_skilldevelopment_id_user_id_af109e97 ON public.portiq_server_skilldevelopment USING btree (id_user_id);


--
-- Name: portiq_server_user_email_3c3615cf_like; Type: INDEX; Schema: public; Owner: portiq_user
--

CREATE INDEX portiq_server_user_email_3c3615cf_like ON public.portiq_server_user USING btree (email varchar_pattern_ops);


--
-- Name: portiq_server_userinfodevelopment_id_code_id_7bba126d; Type: INDEX; Schema: public; Owner: portiq_user
--

CREATE INDEX portiq_server_userinfodevelopment_id_code_id_7bba126d ON public.portiq_server_userinfodevelopment USING btree (id_code_id);


--
-- Name: portiq_server_userinfodevelopment_id_user_id_2b151041; Type: INDEX; Schema: public; Owner: portiq_user
--

CREATE INDEX portiq_server_userinfodevelopment_id_user_id_2b151041 ON public.portiq_server_userinfodevelopment USING btree (id_user_id);


--
-- Name: portiq_server_userportfoli_id_portfolio_template_id_3803f4d2; Type: INDEX; Schema: public; Owner: portiq_user
--

CREATE INDEX portiq_server_userportfoli_id_portfolio_template_id_3803f4d2 ON public.portiq_server_userportfoliotemplate USING btree (id_portfolio_template_id);


--
-- Name: portiq_server_userportfoliotemplate_id_user_id_9937c842; Type: INDEX; Schema: public; Owner: portiq_user
--

CREATE INDEX portiq_server_userportfoliotemplate_id_user_id_9937c842 ON public.portiq_server_userportfoliotemplate USING btree (id_user_id);


--
-- Name: portiq_server_workexperience_id_user_id_3cac1f03; Type: INDEX; Schema: public; Owner: portiq_user
--

CREATE INDEX portiq_server_workexperience_id_user_id_3cac1f03 ON public.portiq_server_workexperience USING btree (id_user_id);


--
-- Name: portiq_server_workexperiencedevelopment_id_code_id_d91bac37; Type: INDEX; Schema: public; Owner: portiq_user
--

CREATE INDEX portiq_server_workexperiencedevelopment_id_code_id_d91bac37 ON public.portiq_server_workexperiencedevelopment USING btree (id_code_id);


--
-- Name: portiq_server_workexperiencedevelopment_id_user_id_48b01865; Type: INDEX; Schema: public; Owner: portiq_user
--

CREATE INDEX portiq_server_workexperiencedevelopment_id_user_id_48b01865 ON public.portiq_server_workexperiencedevelopment USING btree (id_user_id);


--
-- Name: socialaccount_socialaccount_user_id_8146e70c; Type: INDEX; Schema: public; Owner: portiq_user
--

CREATE INDEX socialaccount_socialaccount_user_id_8146e70c ON public.socialaccount_socialaccount USING btree (user_id);


--
-- Name: socialaccount_socialapp_sites_site_id_2579dee5; Type: INDEX; Schema: public; Owner: portiq_user
--

CREATE INDEX socialaccount_socialapp_sites_site_id_2579dee5 ON public.socialaccount_socialapp_sites USING btree (site_id);


--
-- Name: socialaccount_socialapp_sites_socialapp_id_97fb6e7d; Type: INDEX; Schema: public; Owner: portiq_user
--

CREATE INDEX socialaccount_socialapp_sites_socialapp_id_97fb6e7d ON public.socialaccount_socialapp_sites USING btree (socialapp_id);


--
-- Name: socialaccount_socialtoken_account_id_951f210e; Type: INDEX; Schema: public; Owner: portiq_user
--

CREATE INDEX socialaccount_socialtoken_account_id_951f210e ON public.socialaccount_socialtoken USING btree (account_id);


--
-- Name: socialaccount_socialtoken_app_id_636a42d7; Type: INDEX; Schema: public; Owner: portiq_user
--

CREATE INDEX socialaccount_socialtoken_app_id_636a42d7 ON public.socialaccount_socialtoken USING btree (app_id);


--
-- Name: unique_primary_email; Type: INDEX; Schema: public; Owner: portiq_user
--

CREATE UNIQUE INDEX unique_primary_email ON public.account_emailaddress USING btree (user_id, "primary") WHERE "primary";


--
-- Name: unique_verified_email; Type: INDEX; Schema: public; Owner: portiq_user
--

CREATE UNIQUE INDEX unique_verified_email ON public.account_emailaddress USING btree (email) WHERE verified;


--
-- Name: account_emailaddress account_emailaddress_user_id_2c513194_fk_auth_user_id; Type: FK CONSTRAINT; Schema: public; Owner: portiq_user
--

ALTER TABLE ONLY public.account_emailaddress
    ADD CONSTRAINT account_emailaddress_user_id_2c513194_fk_auth_user_id FOREIGN KEY (user_id) REFERENCES public.auth_user(id) DEFERRABLE INITIALLY DEFERRED;


--
-- Name: account_emailconfirmation account_emailconfirm_email_address_id_5b7f8c58_fk_account_e; Type: FK CONSTRAINT; Schema: public; Owner: portiq_user
--

ALTER TABLE ONLY public.account_emailconfirmation
    ADD CONSTRAINT account_emailconfirm_email_address_id_5b7f8c58_fk_account_e FOREIGN KEY (email_address_id) REFERENCES public.account_emailaddress(id) DEFERRABLE INITIALLY DEFERRED;


--
-- Name: auth_group_permissions auth_group_permissio_permission_id_84c5c92e_fk_auth_perm; Type: FK CONSTRAINT; Schema: public; Owner: portiq_user
--

ALTER TABLE ONLY public.auth_group_permissions
    ADD CONSTRAINT auth_group_permissio_permission_id_84c5c92e_fk_auth_perm FOREIGN KEY (permission_id) REFERENCES public.auth_permission(id) DEFERRABLE INITIALLY DEFERRED;


--
-- Name: auth_group_permissions auth_group_permissions_group_id_b120cbf9_fk_auth_group_id; Type: FK CONSTRAINT; Schema: public; Owner: portiq_user
--

ALTER TABLE ONLY public.auth_group_permissions
    ADD CONSTRAINT auth_group_permissions_group_id_b120cbf9_fk_auth_group_id FOREIGN KEY (group_id) REFERENCES public.auth_group(id) DEFERRABLE INITIALLY DEFERRED;


--
-- Name: auth_permission auth_permission_content_type_id_2f476e4b_fk_django_co; Type: FK CONSTRAINT; Schema: public; Owner: portiq_user
--

ALTER TABLE ONLY public.auth_permission
    ADD CONSTRAINT auth_permission_content_type_id_2f476e4b_fk_django_co FOREIGN KEY (content_type_id) REFERENCES public.django_content_type(id) DEFERRABLE INITIALLY DEFERRED;


--
-- Name: auth_user_groups auth_user_groups_group_id_97559544_fk_auth_group_id; Type: FK CONSTRAINT; Schema: public; Owner: portiq_user
--

ALTER TABLE ONLY public.auth_user_groups
    ADD CONSTRAINT auth_user_groups_group_id_97559544_fk_auth_group_id FOREIGN KEY (group_id) REFERENCES public.auth_group(id) DEFERRABLE INITIALLY DEFERRED;


--
-- Name: auth_user_groups auth_user_groups_user_id_6a12ed8b_fk_auth_user_id; Type: FK CONSTRAINT; Schema: public; Owner: portiq_user
--

ALTER TABLE ONLY public.auth_user_groups
    ADD CONSTRAINT auth_user_groups_user_id_6a12ed8b_fk_auth_user_id FOREIGN KEY (user_id) REFERENCES public.auth_user(id) DEFERRABLE INITIALLY DEFERRED;


--
-- Name: auth_user_user_permissions auth_user_user_permi_permission_id_1fbb5f2c_fk_auth_perm; Type: FK CONSTRAINT; Schema: public; Owner: portiq_user
--

ALTER TABLE ONLY public.auth_user_user_permissions
    ADD CONSTRAINT auth_user_user_permi_permission_id_1fbb5f2c_fk_auth_perm FOREIGN KEY (permission_id) REFERENCES public.auth_permission(id) DEFERRABLE INITIALLY DEFERRED;


--
-- Name: auth_user_user_permissions auth_user_user_permissions_user_id_a95ead1b_fk_auth_user_id; Type: FK CONSTRAINT; Schema: public; Owner: portiq_user
--

ALTER TABLE ONLY public.auth_user_user_permissions
    ADD CONSTRAINT auth_user_user_permissions_user_id_a95ead1b_fk_auth_user_id FOREIGN KEY (user_id) REFERENCES public.auth_user(id) DEFERRABLE INITIALLY DEFERRED;


--
-- Name: authtoken_token authtoken_token_user_id_35299eff_fk_auth_user_id; Type: FK CONSTRAINT; Schema: public; Owner: portiq_user
--

ALTER TABLE ONLY public.authtoken_token
    ADD CONSTRAINT authtoken_token_user_id_35299eff_fk_auth_user_id FOREIGN KEY (user_id) REFERENCES public.auth_user(id) DEFERRABLE INITIALLY DEFERRED;


--
-- Name: django_admin_log django_admin_log_content_type_id_c4bce8eb_fk_django_co; Type: FK CONSTRAINT; Schema: public; Owner: portiq_user
--

ALTER TABLE ONLY public.django_admin_log
    ADD CONSTRAINT django_admin_log_content_type_id_c4bce8eb_fk_django_co FOREIGN KEY (content_type_id) REFERENCES public.django_content_type(id) DEFERRABLE INITIALLY DEFERRED;


--
-- Name: django_admin_log django_admin_log_user_id_c564eba6_fk_auth_user_id; Type: FK CONSTRAINT; Schema: public; Owner: portiq_user
--

ALTER TABLE ONLY public.django_admin_log
    ADD CONSTRAINT django_admin_log_user_id_c564eba6_fk_auth_user_id FOREIGN KEY (user_id) REFERENCES public.auth_user(id) DEFERRABLE INITIALLY DEFERRED;


--
-- Name: portiq_server_certificatedevelopment portiq_server_certif_id_code_id_5b8cfd70_fk_portiq_se; Type: FK CONSTRAINT; Schema: public; Owner: portiq_user
--

ALTER TABLE ONLY public.portiq_server_certificatedevelopment
    ADD CONSTRAINT portiq_server_certif_id_code_id_5b8cfd70_fk_portiq_se FOREIGN KEY (id_code_id) REFERENCES public.portiq_server_codedevelopment(id_code_development) DEFERRABLE INITIALLY DEFERRED;


--
-- Name: portiq_server_certificatedevelopment portiq_server_certif_id_user_id_d4bc3618_fk_portiq_se; Type: FK CONSTRAINT; Schema: public; Owner: portiq_user
--

ALTER TABLE ONLY public.portiq_server_certificatedevelopment
    ADD CONSTRAINT portiq_server_certif_id_user_id_d4bc3618_fk_portiq_se FOREIGN KEY (id_user_id) REFERENCES public.portiq_server_user(id_user) DEFERRABLE INITIALLY DEFERRED;


--
-- Name: portiq_server_certificate portiq_server_certif_id_user_id_ebe94475_fk_portiq_se; Type: FK CONSTRAINT; Schema: public; Owner: portiq_user
--

ALTER TABLE ONLY public.portiq_server_certificate
    ADD CONSTRAINT portiq_server_certif_id_user_id_ebe94475_fk_portiq_se FOREIGN KEY (id_user_id) REFERENCES public.portiq_server_user(id_user) DEFERRABLE INITIALLY DEFERRED;


--
-- Name: portiq_server_codedevelopment portiq_server_codede_id_css_id_1914ad22_fk_portiq_se; Type: FK CONSTRAINT; Schema: public; Owner: portiq_user
--

ALTER TABLE ONLY public.portiq_server_codedevelopment
    ADD CONSTRAINT portiq_server_codede_id_css_id_1914ad22_fk_portiq_se FOREIGN KEY (id_css_id) REFERENCES public.portiq_server_cssdevelopment(id_css_development) DEFERRABLE INITIALLY DEFERRED;


--
-- Name: portiq_server_codedevelopment portiq_server_codede_id_html_id_c1149065_fk_portiq_se; Type: FK CONSTRAINT; Schema: public; Owner: portiq_user
--

ALTER TABLE ONLY public.portiq_server_codedevelopment
    ADD CONSTRAINT portiq_server_codede_id_html_id_c1149065_fk_portiq_se FOREIGN KEY (id_html_id) REFERENCES public.portiq_server_htmldevelopment(id_html_development) DEFERRABLE INITIALLY DEFERRED;


--
-- Name: portiq_server_codedevelopment portiq_server_codede_id_javascript_id_35ae0101_fk_portiq_se; Type: FK CONSTRAINT; Schema: public; Owner: portiq_user
--

ALTER TABLE ONLY public.portiq_server_codedevelopment
    ADD CONSTRAINT portiq_server_codede_id_javascript_id_35ae0101_fk_portiq_se FOREIGN KEY (id_javascript_id) REFERENCES public.portiq_server_javascriptdevelopment(id_javascript_development) DEFERRABLE INITIALLY DEFERRED;


--
-- Name: portiq_server_educationdevelopment portiq_server_educat_id_code_id_96171979_fk_portiq_se; Type: FK CONSTRAINT; Schema: public; Owner: portiq_user
--

ALTER TABLE ONLY public.portiq_server_educationdevelopment
    ADD CONSTRAINT portiq_server_educat_id_code_id_96171979_fk_portiq_se FOREIGN KEY (id_code_id) REFERENCES public.portiq_server_codedevelopment(id_code_development) DEFERRABLE INITIALLY DEFERRED;


--
-- Name: portiq_server_education portiq_server_educat_id_user_id_8556d747_fk_portiq_se; Type: FK CONSTRAINT; Schema: public; Owner: portiq_user
--

ALTER TABLE ONLY public.portiq_server_education
    ADD CONSTRAINT portiq_server_educat_id_user_id_8556d747_fk_portiq_se FOREIGN KEY (id_user_id) REFERENCES public.portiq_server_user(id_user) DEFERRABLE INITIALLY DEFERRED;


--
-- Name: portiq_server_educationdevelopment portiq_server_educat_id_user_id_bd440dc5_fk_portiq_se; Type: FK CONSTRAINT; Schema: public; Owner: portiq_user
--

ALTER TABLE ONLY public.portiq_server_educationdevelopment
    ADD CONSTRAINT portiq_server_educat_id_user_id_bd440dc5_fk_portiq_se FOREIGN KEY (id_user_id) REFERENCES public.portiq_server_user(id_user) DEFERRABLE INITIALLY DEFERRED;


--
-- Name: portiq_server_githubdatadevelopment portiq_server_github_id_code_id_7c1219c5_fk_portiq_se; Type: FK CONSTRAINT; Schema: public; Owner: portiq_user
--

ALTER TABLE ONLY public.portiq_server_githubdatadevelopment
    ADD CONSTRAINT portiq_server_github_id_code_id_7c1219c5_fk_portiq_se FOREIGN KEY (id_code_id) REFERENCES public.portiq_server_codedevelopment(id_code_development) DEFERRABLE INITIALLY DEFERRED;


--
-- Name: portiq_server_githubdatadevelopment portiq_server_github_id_user_id_456bcfca_fk_portiq_se; Type: FK CONSTRAINT; Schema: public; Owner: portiq_user
--

ALTER TABLE ONLY public.portiq_server_githubdatadevelopment
    ADD CONSTRAINT portiq_server_github_id_user_id_456bcfca_fk_portiq_se FOREIGN KEY (id_user_id) REFERENCES public.portiq_server_user(id_user) DEFERRABLE INITIALLY DEFERRED;


--
-- Name: portiq_server_githubdata portiq_server_github_id_user_id_fd014538_fk_portiq_se; Type: FK CONSTRAINT; Schema: public; Owner: portiq_user
--

ALTER TABLE ONLY public.portiq_server_githubdata
    ADD CONSTRAINT portiq_server_github_id_user_id_fd014538_fk_portiq_se FOREIGN KEY (id_user_id) REFERENCES public.portiq_server_user(id_user) DEFERRABLE INITIALLY DEFERRED;


--
-- Name: portiq_server_hobby portiq_server_hobby_id_user_id_64e25842_fk_portiq_se; Type: FK CONSTRAINT; Schema: public; Owner: portiq_user
--

ALTER TABLE ONLY public.portiq_server_hobby
    ADD CONSTRAINT portiq_server_hobby_id_user_id_64e25842_fk_portiq_se FOREIGN KEY (id_user_id) REFERENCES public.portiq_server_user(id_user) DEFERRABLE INITIALLY DEFERRED;


--
-- Name: portiq_server_hobbydevelopment portiq_server_hobbyd_id_code_id_a3171fcf_fk_portiq_se; Type: FK CONSTRAINT; Schema: public; Owner: portiq_user
--

ALTER TABLE ONLY public.portiq_server_hobbydevelopment
    ADD CONSTRAINT portiq_server_hobbyd_id_code_id_a3171fcf_fk_portiq_se FOREIGN KEY (id_code_id) REFERENCES public.portiq_server_codedevelopment(id_code_development) DEFERRABLE INITIALLY DEFERRED;


--
-- Name: portiq_server_hobbydevelopment portiq_server_hobbyd_id_user_id_9a12e3db_fk_portiq_se; Type: FK CONSTRAINT; Schema: public; Owner: portiq_user
--

ALTER TABLE ONLY public.portiq_server_hobbydevelopment
    ADD CONSTRAINT portiq_server_hobbyd_id_user_id_9a12e3db_fk_portiq_se FOREIGN KEY (id_user_id) REFERENCES public.portiq_server_user(id_user) DEFERRABLE INITIALLY DEFERRED;


--
-- Name: portiq_server_languagedevelopment portiq_server_langua_id_code_id_2885212e_fk_portiq_se; Type: FK CONSTRAINT; Schema: public; Owner: portiq_user
--

ALTER TABLE ONLY public.portiq_server_languagedevelopment
    ADD CONSTRAINT portiq_server_langua_id_code_id_2885212e_fk_portiq_se FOREIGN KEY (id_code_id) REFERENCES public.portiq_server_codedevelopment(id_code_development) DEFERRABLE INITIALLY DEFERRED;


--
-- Name: portiq_server_languagedevelopment portiq_server_langua_id_user_id_9419f6bc_fk_portiq_se; Type: FK CONSTRAINT; Schema: public; Owner: portiq_user
--

ALTER TABLE ONLY public.portiq_server_languagedevelopment
    ADD CONSTRAINT portiq_server_langua_id_user_id_9419f6bc_fk_portiq_se FOREIGN KEY (id_user_id) REFERENCES public.portiq_server_user(id_user) DEFERRABLE INITIALLY DEFERRED;


--
-- Name: portiq_server_language portiq_server_langua_id_user_id_f9af3538_fk_portiq_se; Type: FK CONSTRAINT; Schema: public; Owner: portiq_user
--

ALTER TABLE ONLY public.portiq_server_language
    ADD CONSTRAINT portiq_server_langua_id_user_id_f9af3538_fk_portiq_se FOREIGN KEY (id_user_id) REFERENCES public.portiq_server_user(id_user) DEFERRABLE INITIALLY DEFERRED;


--
-- Name: portiq_server_other portiq_server_other_id_user_id_4e598772_fk_portiq_se; Type: FK CONSTRAINT; Schema: public; Owner: portiq_user
--

ALTER TABLE ONLY public.portiq_server_other
    ADD CONSTRAINT portiq_server_other_id_user_id_4e598772_fk_portiq_se FOREIGN KEY (id_user_id) REFERENCES public.portiq_server_user(id_user) DEFERRABLE INITIALLY DEFERRED;


--
-- Name: portiq_server_otherdevelopment portiq_server_otherd_id_code_id_7e5b43e5_fk_portiq_se; Type: FK CONSTRAINT; Schema: public; Owner: portiq_user
--

ALTER TABLE ONLY public.portiq_server_otherdevelopment
    ADD CONSTRAINT portiq_server_otherd_id_code_id_7e5b43e5_fk_portiq_se FOREIGN KEY (id_code_id) REFERENCES public.portiq_server_codedevelopment(id_code_development) DEFERRABLE INITIALLY DEFERRED;


--
-- Name: portiq_server_otherdevelopment portiq_server_otherd_id_user_id_1ed42a27_fk_portiq_se; Type: FK CONSTRAINT; Schema: public; Owner: portiq_user
--

ALTER TABLE ONLY public.portiq_server_otherdevelopment
    ADD CONSTRAINT portiq_server_otherd_id_user_id_1ed42a27_fk_portiq_se FOREIGN KEY (id_user_id) REFERENCES public.portiq_server_user(id_user) DEFERRABLE INITIALLY DEFERRED;


--
-- Name: portiq_server_portfoliotemplate portiq_server_portfo_id_certificate_devel_62c5bb67_fk_portiq_se; Type: FK CONSTRAINT; Schema: public; Owner: portiq_user
--

ALTER TABLE ONLY public.portiq_server_portfoliotemplate
    ADD CONSTRAINT portiq_server_portfo_id_certificate_devel_62c5bb67_fk_portiq_se FOREIGN KEY (id_certificate_development_id) REFERENCES public.portiq_server_certificatedevelopment(id_certificate_development) DEFERRABLE INITIALLY DEFERRED;


--
-- Name: portiq_server_portfoliotemplate portiq_server_portfo_id_education_develop_87694f24_fk_portiq_se; Type: FK CONSTRAINT; Schema: public; Owner: portiq_user
--

ALTER TABLE ONLY public.portiq_server_portfoliotemplate
    ADD CONSTRAINT portiq_server_portfo_id_education_develop_87694f24_fk_portiq_se FOREIGN KEY (id_education_development_id) REFERENCES public.portiq_server_educationdevelopment(id_education_development) DEFERRABLE INITIALLY DEFERRED;


--
-- Name: portiq_server_portfoliotemplate portiq_server_portfo_id_github_data_devel_2627d6bd_fk_portiq_se; Type: FK CONSTRAINT; Schema: public; Owner: portiq_user
--

ALTER TABLE ONLY public.portiq_server_portfoliotemplate
    ADD CONSTRAINT portiq_server_portfo_id_github_data_devel_2627d6bd_fk_portiq_se FOREIGN KEY (id_github_data_development_id) REFERENCES public.portiq_server_githubdatadevelopment(id_github_data_development) DEFERRABLE INITIALLY DEFERRED;


--
-- Name: portiq_server_portfoliotemplate portiq_server_portfo_id_hobby_development_65c291df_fk_portiq_se; Type: FK CONSTRAINT; Schema: public; Owner: portiq_user
--

ALTER TABLE ONLY public.portiq_server_portfoliotemplate
    ADD CONSTRAINT portiq_server_portfo_id_hobby_development_65c291df_fk_portiq_se FOREIGN KEY (id_hobby_development_id) REFERENCES public.portiq_server_hobbydevelopment(id_hobby_development) DEFERRABLE INITIALLY DEFERRED;


--
-- Name: portiq_server_portfoliotemplate portiq_server_portfo_id_language_developm_f7945568_fk_portiq_se; Type: FK CONSTRAINT; Schema: public; Owner: portiq_user
--

ALTER TABLE ONLY public.portiq_server_portfoliotemplate
    ADD CONSTRAINT portiq_server_portfo_id_language_developm_f7945568_fk_portiq_se FOREIGN KEY (id_language_development_id) REFERENCES public.portiq_server_languagedevelopment(id_language_development) DEFERRABLE INITIALLY DEFERRED;


--
-- Name: portiq_server_portfoliotemplate portiq_server_portfo_id_other_development_dc8a4816_fk_portiq_se; Type: FK CONSTRAINT; Schema: public; Owner: portiq_user
--

ALTER TABLE ONLY public.portiq_server_portfoliotemplate
    ADD CONSTRAINT portiq_server_portfo_id_other_development_dc8a4816_fk_portiq_se FOREIGN KEY (id_other_development_id) REFERENCES public.portiq_server_otherdevelopment(id_other_development) DEFERRABLE INITIALLY DEFERRED;


--
-- Name: portiq_server_portfoliotemplate portiq_server_portfo_id_project_developme_fe87dd85_fk_portiq_se; Type: FK CONSTRAINT; Schema: public; Owner: portiq_user
--

ALTER TABLE ONLY public.portiq_server_portfoliotemplate
    ADD CONSTRAINT portiq_server_portfo_id_project_developme_fe87dd85_fk_portiq_se FOREIGN KEY (id_project_development_id) REFERENCES public.portiq_server_projectdevelopment(id_project_development) DEFERRABLE INITIALLY DEFERRED;


--
-- Name: portiq_server_portfoliotemplate portiq_server_portfo_id_reference_develop_ed6dc1a8_fk_portiq_se; Type: FK CONSTRAINT; Schema: public; Owner: portiq_user
--

ALTER TABLE ONLY public.portiq_server_portfoliotemplate
    ADD CONSTRAINT portiq_server_portfo_id_reference_develop_ed6dc1a8_fk_portiq_se FOREIGN KEY (id_reference_development_id) REFERENCES public.portiq_server_referencedevelopment(id_reference_development) DEFERRABLE INITIALLY DEFERRED;


--
-- Name: portiq_server_portfoliotemplate portiq_server_portfo_id_skill_development_0b5f9ab0_fk_portiq_se; Type: FK CONSTRAINT; Schema: public; Owner: portiq_user
--

ALTER TABLE ONLY public.portiq_server_portfoliotemplate
    ADD CONSTRAINT portiq_server_portfo_id_skill_development_0b5f9ab0_fk_portiq_se FOREIGN KEY (id_skill_development_id) REFERENCES public.portiq_server_skilldevelopment(id_skill_development) DEFERRABLE INITIALLY DEFERRED;


--
-- Name: portiq_server_portfoliotemplate portiq_server_portfo_id_user_id_bc99abae_fk_portiq_se; Type: FK CONSTRAINT; Schema: public; Owner: portiq_user
--

ALTER TABLE ONLY public.portiq_server_portfoliotemplate
    ADD CONSTRAINT portiq_server_portfo_id_user_id_bc99abae_fk_portiq_se FOREIGN KEY (id_user_id) REFERENCES public.portiq_server_user(id_user) DEFERRABLE INITIALLY DEFERRED;


--
-- Name: portiq_server_portfoliotemplate portiq_server_portfo_id_user_info_develop_c40ef0bf_fk_portiq_se; Type: FK CONSTRAINT; Schema: public; Owner: portiq_user
--

ALTER TABLE ONLY public.portiq_server_portfoliotemplate
    ADD CONSTRAINT portiq_server_portfo_id_user_info_develop_c40ef0bf_fk_portiq_se FOREIGN KEY (id_user_info_development_id) REFERENCES public.portiq_server_userinfodevelopment(id_user_info_development) DEFERRABLE INITIALLY DEFERRED;


--
-- Name: portiq_server_portfoliotemplate portiq_server_portfo_id_work_experience_d_8d239e04_fk_portiq_se; Type: FK CONSTRAINT; Schema: public; Owner: portiq_user
--

ALTER TABLE ONLY public.portiq_server_portfoliotemplate
    ADD CONSTRAINT portiq_server_portfo_id_work_experience_d_8d239e04_fk_portiq_se FOREIGN KEY (id_work_experience_development_id) REFERENCES public.portiq_server_workexperiencedevelopment(id_work_experience_development) DEFERRABLE INITIALLY DEFERRED;


--
-- Name: portiq_server_projectdevelopment portiq_server_projec_id_code_id_1d6c011f_fk_portiq_se; Type: FK CONSTRAINT; Schema: public; Owner: portiq_user
--

ALTER TABLE ONLY public.portiq_server_projectdevelopment
    ADD CONSTRAINT portiq_server_projec_id_code_id_1d6c011f_fk_portiq_se FOREIGN KEY (id_code_id) REFERENCES public.portiq_server_codedevelopment(id_code_development) DEFERRABLE INITIALLY DEFERRED;


--
-- Name: portiq_server_projectlink portiq_server_projec_id_project_id_529595c3_fk_portiq_se; Type: FK CONSTRAINT; Schema: public; Owner: portiq_user
--

ALTER TABLE ONLY public.portiq_server_projectlink
    ADD CONSTRAINT portiq_server_projec_id_project_id_529595c3_fk_portiq_se FOREIGN KEY (id_project_id) REFERENCES public.portiq_server_project(id_project) DEFERRABLE INITIALLY DEFERRED;


--
-- Name: portiq_server_project portiq_server_projec_id_user_id_cead639d_fk_portiq_se; Type: FK CONSTRAINT; Schema: public; Owner: portiq_user
--

ALTER TABLE ONLY public.portiq_server_project
    ADD CONSTRAINT portiq_server_projec_id_user_id_cead639d_fk_portiq_se FOREIGN KEY (id_user_id) REFERENCES public.portiq_server_user(id_user) DEFERRABLE INITIALLY DEFERRED;


--
-- Name: portiq_server_projectdevelopment portiq_server_projec_id_user_id_dd660d31_fk_portiq_se; Type: FK CONSTRAINT; Schema: public; Owner: portiq_user
--

ALTER TABLE ONLY public.portiq_server_projectdevelopment
    ADD CONSTRAINT portiq_server_projec_id_user_id_dd660d31_fk_portiq_se FOREIGN KEY (id_user_id) REFERENCES public.portiq_server_user(id_user) DEFERRABLE INITIALLY DEFERRED;


--
-- Name: portiq_server_referencedevelopment portiq_server_refere_id_code_id_46632371_fk_portiq_se; Type: FK CONSTRAINT; Schema: public; Owner: portiq_user
--

ALTER TABLE ONLY public.portiq_server_referencedevelopment
    ADD CONSTRAINT portiq_server_refere_id_code_id_46632371_fk_portiq_se FOREIGN KEY (id_code_id) REFERENCES public.portiq_server_codedevelopment(id_code_development) DEFERRABLE INITIALLY DEFERRED;


--
-- Name: portiq_server_referencedevelopment portiq_server_refere_id_user_id_996fb83e_fk_portiq_se; Type: FK CONSTRAINT; Schema: public; Owner: portiq_user
--

ALTER TABLE ONLY public.portiq_server_referencedevelopment
    ADD CONSTRAINT portiq_server_refere_id_user_id_996fb83e_fk_portiq_se FOREIGN KEY (id_user_id) REFERENCES public.portiq_server_user(id_user) DEFERRABLE INITIALLY DEFERRED;


--
-- Name: portiq_server_reference portiq_server_refere_id_user_id_c80c100d_fk_portiq_se; Type: FK CONSTRAINT; Schema: public; Owner: portiq_user
--

ALTER TABLE ONLY public.portiq_server_reference
    ADD CONSTRAINT portiq_server_refere_id_user_id_c80c100d_fk_portiq_se FOREIGN KEY (id_user_id) REFERENCES public.portiq_server_user(id_user) DEFERRABLE INITIALLY DEFERRED;


--
-- Name: portiq_server_skill portiq_server_skill_id_user_id_b7406653_fk_portiq_se; Type: FK CONSTRAINT; Schema: public; Owner: portiq_user
--

ALTER TABLE ONLY public.portiq_server_skill
    ADD CONSTRAINT portiq_server_skill_id_user_id_b7406653_fk_portiq_se FOREIGN KEY (id_user_id) REFERENCES public.portiq_server_user(id_user) DEFERRABLE INITIALLY DEFERRED;


--
-- Name: portiq_server_skilldevelopment portiq_server_skilld_id_code_id_2856022b_fk_portiq_se; Type: FK CONSTRAINT; Schema: public; Owner: portiq_user
--

ALTER TABLE ONLY public.portiq_server_skilldevelopment
    ADD CONSTRAINT portiq_server_skilld_id_code_id_2856022b_fk_portiq_se FOREIGN KEY (id_code_id) REFERENCES public.portiq_server_codedevelopment(id_code_development) DEFERRABLE INITIALLY DEFERRED;


--
-- Name: portiq_server_skilldevelopment portiq_server_skilld_id_user_id_af109e97_fk_portiq_se; Type: FK CONSTRAINT; Schema: public; Owner: portiq_user
--

ALTER TABLE ONLY public.portiq_server_skilldevelopment
    ADD CONSTRAINT portiq_server_skilld_id_user_id_af109e97_fk_portiq_se FOREIGN KEY (id_user_id) REFERENCES public.portiq_server_user(id_user) DEFERRABLE INITIALLY DEFERRED;


--
-- Name: portiq_server_userinfodevelopment portiq_server_userin_id_code_id_7bba126d_fk_portiq_se; Type: FK CONSTRAINT; Schema: public; Owner: portiq_user
--

ALTER TABLE ONLY public.portiq_server_userinfodevelopment
    ADD CONSTRAINT portiq_server_userin_id_code_id_7bba126d_fk_portiq_se FOREIGN KEY (id_code_id) REFERENCES public.portiq_server_codedevelopment(id_code_development) DEFERRABLE INITIALLY DEFERRED;


--
-- Name: portiq_server_userinfodevelopment portiq_server_userin_id_user_id_2b151041_fk_portiq_se; Type: FK CONSTRAINT; Schema: public; Owner: portiq_user
--

ALTER TABLE ONLY public.portiq_server_userinfodevelopment
    ADD CONSTRAINT portiq_server_userin_id_user_id_2b151041_fk_portiq_se FOREIGN KEY (id_user_id) REFERENCES public.portiq_server_user(id_user) DEFERRABLE INITIALLY DEFERRED;


--
-- Name: portiq_server_userportfoliotemplate portiq_server_userpo_id_portfolio_templat_3803f4d2_fk_portiq_se; Type: FK CONSTRAINT; Schema: public; Owner: portiq_user
--

ALTER TABLE ONLY public.portiq_server_userportfoliotemplate
    ADD CONSTRAINT portiq_server_userpo_id_portfolio_templat_3803f4d2_fk_portiq_se FOREIGN KEY (id_portfolio_template_id) REFERENCES public.portiq_server_portfoliotemplate(id_portfolio_template) DEFERRABLE INITIALLY DEFERRED;


--
-- Name: portiq_server_userportfoliotemplate portiq_server_userpo_id_user_id_9937c842_fk_portiq_se; Type: FK CONSTRAINT; Schema: public; Owner: portiq_user
--

ALTER TABLE ONLY public.portiq_server_userportfoliotemplate
    ADD CONSTRAINT portiq_server_userpo_id_user_id_9937c842_fk_portiq_se FOREIGN KEY (id_user_id) REFERENCES public.portiq_server_user(id_user) DEFERRABLE INITIALLY DEFERRED;


--
-- Name: portiq_server_workexperiencedevelopment portiq_server_workex_id_code_id_d91bac37_fk_portiq_se; Type: FK CONSTRAINT; Schema: public; Owner: portiq_user
--

ALTER TABLE ONLY public.portiq_server_workexperiencedevelopment
    ADD CONSTRAINT portiq_server_workex_id_code_id_d91bac37_fk_portiq_se FOREIGN KEY (id_code_id) REFERENCES public.portiq_server_codedevelopment(id_code_development) DEFERRABLE INITIALLY DEFERRED;


--
-- Name: portiq_server_workexperience portiq_server_workex_id_user_id_3cac1f03_fk_portiq_se; Type: FK CONSTRAINT; Schema: public; Owner: portiq_user
--

ALTER TABLE ONLY public.portiq_server_workexperience
    ADD CONSTRAINT portiq_server_workex_id_user_id_3cac1f03_fk_portiq_se FOREIGN KEY (id_user_id) REFERENCES public.portiq_server_user(id_user) DEFERRABLE INITIALLY DEFERRED;


--
-- Name: portiq_server_workexperiencedevelopment portiq_server_workex_id_user_id_48b01865_fk_portiq_se; Type: FK CONSTRAINT; Schema: public; Owner: portiq_user
--

ALTER TABLE ONLY public.portiq_server_workexperiencedevelopment
    ADD CONSTRAINT portiq_server_workex_id_user_id_48b01865_fk_portiq_se FOREIGN KEY (id_user_id) REFERENCES public.portiq_server_user(id_user) DEFERRABLE INITIALLY DEFERRED;


--
-- Name: socialaccount_socialtoken socialaccount_social_account_id_951f210e_fk_socialacc; Type: FK CONSTRAINT; Schema: public; Owner: portiq_user
--

ALTER TABLE ONLY public.socialaccount_socialtoken
    ADD CONSTRAINT socialaccount_social_account_id_951f210e_fk_socialacc FOREIGN KEY (account_id) REFERENCES public.socialaccount_socialaccount(id) DEFERRABLE INITIALLY DEFERRED;


--
-- Name: socialaccount_socialtoken socialaccount_social_app_id_636a42d7_fk_socialacc; Type: FK CONSTRAINT; Schema: public; Owner: portiq_user
--

ALTER TABLE ONLY public.socialaccount_socialtoken
    ADD CONSTRAINT socialaccount_social_app_id_636a42d7_fk_socialacc FOREIGN KEY (app_id) REFERENCES public.socialaccount_socialapp(id) DEFERRABLE INITIALLY DEFERRED;


--
-- Name: socialaccount_socialapp_sites socialaccount_social_site_id_2579dee5_fk_django_si; Type: FK CONSTRAINT; Schema: public; Owner: portiq_user
--

ALTER TABLE ONLY public.socialaccount_socialapp_sites
    ADD CONSTRAINT socialaccount_social_site_id_2579dee5_fk_django_si FOREIGN KEY (site_id) REFERENCES public.django_site(id) DEFERRABLE INITIALLY DEFERRED;


--
-- Name: socialaccount_socialapp_sites socialaccount_social_socialapp_id_97fb6e7d_fk_socialacc; Type: FK CONSTRAINT; Schema: public; Owner: portiq_user
--

ALTER TABLE ONLY public.socialaccount_socialapp_sites
    ADD CONSTRAINT socialaccount_social_socialapp_id_97fb6e7d_fk_socialacc FOREIGN KEY (socialapp_id) REFERENCES public.socialaccount_socialapp(id) DEFERRABLE INITIALLY DEFERRED;


--
-- Name: socialaccount_socialaccount socialaccount_socialaccount_user_id_8146e70c_fk_auth_user_id; Type: FK CONSTRAINT; Schema: public; Owner: portiq_user
--

ALTER TABLE ONLY public.socialaccount_socialaccount
    ADD CONSTRAINT socialaccount_socialaccount_user_id_8146e70c_fk_auth_user_id FOREIGN KEY (user_id) REFERENCES public.auth_user(id) DEFERRABLE INITIALLY DEFERRED;


--
-- PostgreSQL database dump complete
--

